scenario,traffic_id,case_id,seed,avg_power_unit,energy_unit_ms,arrived_count,delivered_count,pdb_satisfied_count,pdb_eligible_count,completion_rate,pdb_ratio,delay_mean_ms,delay_samples_json,traffic_sha256
service_rate_400_mbps,FTP3,1-1,2001,27.623125000000005,17678.800000000003,1,1,0,1,1.0,0.0,138.673313,[138.673313],aa7cc335e827996c11bc094b10023d7647b9b8f767fd5483e93841b61abffb75
service_rate_400_mbps,FTP3,1-1,2002,9.107499999999998,5828.799999999999,0,0,0,0,,,,[],0536fbf5e538aebed8259f3c10d2b3fe8927f6ed2563d91cd485f36110f4c109
service_rate_400_mbps,FTP3,1-1,2003,68.0884375,43576.6,4,4,4,4,1.0,1.0,30.27428375,"[49.102878,20.851896,20.460978,30.681383]",de8ab75d1554fd6b70a3d40ffa34abefffbd5d9579c30446a003bb7c5dfdd569
service_rate_400_mbps,FTP3,1-1,2004,27.076250000000005,17328.800000000003,2,2,1,1,1.0,1.0,37.940101,"[62.383455,13.496747]",4c013c479aef16180842a66c8f863af584449cb5f9a6717f6f520e64abdefce9
service_rate_400_mbps,FTP3,1-1,2005,41.37421273453125,26479.4961501,3,3,1,2,1.0,0.5,64.40606233333334,"[10.0,128.283674,54.934513]",38d8ccb906bac691f69971ceefa942f6527ecc6ebdec2450d6401dbd8a85862d
service_rate_400_mbps,FTP3,1-1,2006,31.180018363906253,19955.211752900002,3,3,1,3,1.0,0.3333333333333333,111.20758033333334,"[10.0,158.517806,165.104935]",27405965b0d178054267957af0f9516768c64f0edd70527d692470e0133e1c10
service_rate_400_mbps,FTP3,1-1,2007,60.187708453125005,38520.13341,4,4,3,4,1.0,0.75,45.583825,"[18.986099,138.660296,10.0,14.688905]",ee04a76550ca6d843f7c59d0fb38e144144030ebb43a1d53d991dae3a1772f10
service_rate_400_mbps,FTP3,1-1,2008,35.727500000000006,22865.600000000002,6,6,0,3,1.0,0.0,108.840516,"[144.373974,147.721441,127.761324,86.613247,88.955588,57.617522]",45c1d238c9fab5a637dd04b45080ee199513a0c25b327a909d8cd841b219c80d
service_rate_400_mbps,FTP3,1-5,2001,14.15540303125,9059.45794,1,1,1,1,1.0,1.0,23.744742,[23.744742],aa7cc335e827996c11bc094b10023d7647b9b8f767fd5483e93841b61abffb75
service_rate_400_mbps,FTP3,1-5,2002,8.48728927828125,5431.8651381,0,0,0,0,,,,[],0536fbf5e538aebed8259f3c10d2b3fe8927f6ed2563d91cd485f36110f4c109
service_rate_400_mbps,FTP3,1-5,2003,29.30453246875,18754.90078,4,4,4,4,1.0,1.0,21.595712749999997,"[24.174307,20.923325,20.532407,20.752812]",de8ab75d1554fd6b70a3d40ffa34abefffbd5d9579c30446a003bb7c5dfdd569
service_rate_400_mbps,FTP3,1-5,2004,16.0931039140625,10299.586505,2,2,1,1,1.0,1.0,23.01153,"[22.454884,23.568176]",4c013c479aef16180842a66c8f863af584449cb5f9a6717f6f520e64abdefce9
service_rate_400_mbps,FTP3,1-5,2005,27.497021245156247,17598.0935969,3,3,2,2,1.0,1.0,23.039688333333334,"[20.75802,23.355103,25.005942]",38d8ccb906bac691f69971ceefa942f6527ecc6ebdec2450d6401dbd8a85862d
service_rate_400_mbps,FTP3,1-5,2006,22.4771440625,14385.3722,3,3,3,3,1.0,1.0,26.014055666666668,"[24.276568,23.589235,30.176364]",27405965b0d178054267957af0f9516768c64f0edd70527d692470e0133e1c10
service_rate_400_mbps,FTP3,1-5,2007,31.230190926718752,19987.3221931,4,4,4,4,1.0,1.0,24.532223000000002,"[24.057528,23.731725,22.825367,27.514272]",ee04a76550ca6d843f7c59d0fb38e144144030ebb43a1d53d991dae3a1772f10
service_rate_400_mbps,FTP3,1-5,2008,40.609451805000006,25990.049155200002,6,6,3,3,1.0,1.0,21.77315333333333,"[24.445403,27.79287,10.000003,21.684676,24.027017,22.688951]",45c1d238c9fab5a637dd04b45080ee199513a0c25b327a909d8cd841b219c80d
service_rate_400_mbps,FTP3,1-6,2001,10.26915303125,6572.2579399999995,1,1,1,1,1.0,1.0,23.744742,[23.744742],aa7cc335e827996c11bc094b10023d7647b9b8f767fd5483e93841b61abffb75
service_rate_400_mbps,FTP3,1-6,2002,5.602188765625,3585.40081,0,0,0,0,,,,[],0536fbf5e538aebed8259f3c10d2b3fe8927f6ed2563d91cd485f36110f4c109
service_rate_400_mbps,FTP3,1-6,2003,27.83638509375,17815.28646,4,4,4,4,1.0,1.0,21.595712749999997,"[24.174307,20.923325,20.532407,20.752812]",de8ab75d1554fd6b70a3d40ffa34abefffbd5d9579c30446a003bb7c5dfdd569
service_rate_400_mbps,FTP3,1-6,2004,12.2068539140625,7812.3865049999995,2,2,1,1,1.0,1.0,23.01153,"[22.454884,23.568176]",4c013c479aef16180842a66c8f863af584449cb5f9a6717f6f520e64abdefce9
service_rate_400_mbps,FTP3,1-6,2005,23.478483328124998,15026.229329999998,3,3,2,2,1.0,1.0,23.039688333333334,"[20.75802,23.355103,25.005942]",38d8ccb906bac691f69971ceefa942f6527ecc6ebdec2450d6401dbd8a85862d
service_rate_400_mbps,FTP3,1-6,2006,19.294019062500002,12348.1722,3,3,3,3,1.0,1.0,26.014055666666668,"[24.276568,23.589235,30.176364]",27405965b0d178054267957af0f9516768c64f0edd70527d692470e0133e1c10
service_rate_400_mbps,FTP3,1-6,2007,27.836385093750003,17815.286460000003,4,4,4,4,1.0,1.0,24.532223000000002,"[24.057528,23.731725,22.825367,27.514272]",ee04a76550ca6d843f7c59d0fb38e144144030ebb43a1d53d991dae3a1772f10
service_rate_400_mbps,FTP3,1-6,2008,36.723201805,23502.8491552,6,6,3,3,1.0,1.0,21.77315333333333,"[24.445403,27.79287,10.000003,21.684676,24.027017,22.688951]",45c1d238c9fab5a637dd04b45080ee199513a0c25b327a909d8cd841b219c80d
service_rate_400_mbps,IM,1-1,2001,10.209,32668.8,1,1,1,1,1.0,1.0,177.445692,[177.445692],d997b4c70fc1472c08b7428ee30e5f2f78597736a5ebb12049c0e467b9cc6b25
service_rate_400_mbps,IM,1-1,2002,16.3075625,52184.2,4,4,3,4,1.0,0.75,185.0098195,"[85.152378,220.891404,128.097326,305.89817]",682540789ad332b510e9d8af3c13dab2bb300bba717b88e94a40b1678b0d5283
service_rate_400_mbps,IM,1-1,2003,7.253125,23210.0,0,0,0,0,,,,[],e6f95ce79049befdd15ce22dd43058e9dcdd655341f79c8ebff1ddbb8b7264b2
service_rate_400_mbps,IM,1-1,2004,13.164875000000002,42127.600000000006,2,2,2,2,1.0,1.0,110.443659,"[30.008126,190.879192]",130fc38a45419d6c343e433a8abf333e6b2f5c7454daf9b25e1a4a5eaf63c279
service_rate_400_mbps,IM,1-1,2005,10.209,32668.8,1,1,1,1,1.0,1.0,172.176993,[172.176993],e6dd3705e6c97b24044382a0af0675e271c6b1cac6a4afd4d99a5299c0b96c2b
service_rate_400_mbps,IM,1-1,2006,16.1464555855,51668.6578736,3,3,2,3,1.0,0.6666666666666666,172.98249833333333,"[302.896105,2.0,214.05139]",500975355d4181d0da2cd9efd0605af41b7120f219aad09a6278a826507444a6
service_rate_400_mbps,IM,1-1,2007,13.164875000000002,42127.600000000006,1,1,1,1,1.0,1.0,265.39969,[265.39969],5640d4fd1e7c8849a8b63bee85060b5c5b14e539489637a8ede99c084f1ff6ea
service_rate_400_mbps,IM,1-1,2008,10.4200920173125,33344.2944554,3,3,2,2,1.0,1.0,29.11765766666667,"[65.739737,2.0,19.613236]",29107059cc7d7929ac572e9b29715d318318e8bf69af800b83ec6ef119905091
service_rate_400_mbps,IM,1-5,2001,9.475815996281247,30322.61118809999,1,1,1,1,1.0,1.0,12.517121,[12.517121],d997b4c70fc1472c08b7428ee30e5f2f78597736a5ebb12049c0e467b9cc6b25
service_rate_400_mbps,IM,1-5,2002,10.959967905656248,35071.89729809999,4,4,4,4,1.0,1.0,12.52529725,"[2.000002,15.962833,16.168755,15.969599]",682540789ad332b510e9d8af3c13dab2bb300bba717b88e94a40b1678b0d5283
service_rate_400_mbps,IM,1-5,2003,7.541347255281249,24132.311216899994,0,0,0,0,,,,[],e6f95ce79049befdd15ce22dd43058e9dcdd655341f79c8ebff1ddbb8b7264b2
service_rate_400_mbps,IM,1-5,2004,9.405121790249996,30096.38972879999,2,2,2,2,1.0,1.0,15.515087999999999,"[15.079555,15.950621]",130fc38a45419d6c343e433a8abf333e6b2f5c7454daf9b25e1a4a5eaf63c279
service_rate_400_mbps,IM,1-5,2005,8.934467799406248,28590.296958099992,1,1,1,1,1.0,1.0,12.248422,[12.248422],e6dd3705e6c97b24044382a0af0675e271c6b1cac6a4afd4d99a5299c0b96c2b
service_rate_400_mbps,IM,1-5,2006,10.653179830062497,34090.17545619999,3,3,3,3,1.0,1.0,14.489986000000002,"[12.967534,16.379605,14.122819]",500975355d4181d0da2cd9efd0605af41b7120f219aad09a6278a826507444a6
service_rate_400_mbps,IM,1-5,2007,7.394153059374997,23661.289789999988,1,1,1,1,1.0,1.0,15.471119,[15.471119],5640d4fd1e7c8849a8b63bee85060b5c5b14e539489637a8ede99c084f1ff6ea
service_rate_400_mbps,IM,1-5,2008,10.274867330437496,32879.57545739999,3,3,2,2,1.0,1.0,14.927224666666667,"[15.811166,14.285843,14.684665]",29107059cc7d7929ac572e9b29715d318318e8bf69af800b83ec6ef119905091
service_rate_400_mbps,IM,1-6,2001,6.026612868749998,19285.161179999996,1,1,1,1,1.0,1.0,12.517121,[12.517121],d997b4c70fc1472c08b7428ee30e5f2f78597736a5ebb12049c0e467b9cc6b25
service_rate_400_mbps,IM,1-6,2002,7.273947803125,23276.63297,4,4,4,4,1.0,1.0,12.52529725,"[2.000002,15.962833,16.168755,15.969599]",682540789ad332b510e9d8af3c13dab2bb300bba717b88e94a40b1678b0d5283
service_rate_400_mbps,IM,1-6,2003,3.6644878828124985,11726.361224999995,0,0,0,0,,,,[],e6f95ce79049befdd15ce22dd43058e9dcdd655341f79c8ebff1ddbb8b7264b2
service_rate_400_mbps,IM,1-6,2004,6.0814342953125,19460.589744999997,2,2,2,2,1.0,1.0,15.515087999999999,"[15.079555,15.950621]",130fc38a45419d6c343e433a8abf333e6b2f5c7454daf9b25e1a4a5eaf63c279
service_rate_400_mbps,IM,1-6,2005,5.260501265624998,16833.604049999994,1,1,1,1,1.0,1.0,12.248422,[12.248422],e6dd3705e6c97b24044382a0af0675e271c6b1cac6a4afd4d99a5299c0b96c2b
service_rate_400_mbps,IM,1-6,2006,6.902367324999999,22087.575439999997,3,3,3,3,1.0,1.0,14.489986000000002,"[12.967534,16.379605,14.122819]",500975355d4181d0da2cd9efd0605af41b7120f219aad09a6278a826507444a6
service_rate_400_mbps,IM,1-6,2007,3.7103405593749983,11873.089789999995,1,1,1,1,1.0,1.0,15.471119,[15.471119],5640d4fd1e7c8849a8b63bee85060b5c5b14e539489637a8ede99c084f1ff6ea
service_rate_400_mbps,IM,1-6,2008,6.49041419278125,20769.3254169,3,3,2,2,1.0,1.0,14.927224666666667,"[15.811166,14.285843,14.684665]",29107059cc7d7929ac572e9b29715d318318e8bf69af800b83ec6ef119905091
service_rate_1600_mbps,FTP3,1-1,2001,24.043125,15387.6,1,1,0,1,1.0,0.0,131.173313,[131.173313],aa7cc335e827996c11bc094b10023d7647b9b8f767fd5483e93841b61abffb75
service_rate_1600_mbps,FTP3,1-1,2002,9.107499999999998,5828.799999999999,0,0,0,0,,,,[],0536fbf5e538aebed8259f3c10d2b3fe8927f6ed2563d91cd485f36110f4c109
service_rate_1600_mbps,FTP3,1-1,2003,55.081953125,35252.45,4,4,4,4,1.0,1.0,20.89928375,"[41.602878,13.351896,5.460978,23.181383]",de8ab75d1554fd6b70a3d40ffa34abefffbd5d9579c30446a003bb7c5dfdd569
service_rate_1600_mbps,FTP3,1-1,2004,23.49625,15037.6,2,2,1,1,1.0,1.0,30.440101,"[54.883455,5.996747]",4c013c479aef16180842a66c8f863af584449cb5f9a6717f6f520e64abdefce9
service_rate_1600_mbps,FTP3,1-1,2005,36.68671273453125,23479.4961501,3,3,1,2,1.0,0.5,54.40606233333333,"[2.5,120.783674,39.934513]",38d8ccb906bac691f69971ceefa942f6527ecc6ebdec2450d6401dbd8a85862d
service_rate_1600_mbps,FTP3,1-1,2006,26.492518363906253,16955.211752900002,3,3,1,3,1.0,0.3333333333333333,101.20758033333334,"[2.5,151.017806,150.104935]",27405965b0d178054267957af0f9516768c64f0edd70527d692470e0133e1c10
service_rate_1600_mbps,FTP3,1-1,2007,48.882769625,31284.972560000002,4,4,3,4,1.0,0.75,36.911598749999996,"[11.486099,131.160296,2.5,2.5]",ee04a76550ca6d843f7c59d0fb38e144144030ebb43a1d53d991dae3a1772f10
service_rate_1600_mbps,FTP3,1-1,2008,26.378281250000004,16882.100000000002,6,6,0,3,1.0,0.0,93.840516,"[136.873974,132.721441,105.261324,79.113247,73.955588,35.117522]",45c1d238c9fab5a637dd04b45080ee199513a0c25b327a909d8cd841b219c80d
service_rate_1600_mbps,FTP3,1-5,2001,11.811653031250001,7559.457940000001,1,1,1,1,1.0,1.0,16.244742,[16.244742],aa7cc335e827996c11bc094b10023d7647b9b8f767fd5483e93841b61abffb75
service_rate_1600_mbps,FTP3,1-5,2002,8.48728927828125,5431.8651381,0,0,0,0,,,,[],0536fbf5e538aebed8259f3c10d2b3fe8927f6ed2563d91cd485f36110f4c109
service_rate_1600_mbps,FTP3,1-5,2003,18.698862859375,11967.27223,4,4,4,4,1.0,1.0,12.22071275,"[16.674307,13.423325,5.532407,13.252812]",de8ab75d1554fd6b70a3d40ffa34abefffbd5d9579c30446a003bb7c5dfdd569
service_rate_1600_mbps,FTP3,1-5,2004,13.7493539140625,8799.586505,2,2,1,1,1.0,1.0,15.51153,"[14.954884,16.068176]",4c013c479aef16180842a66c8f863af584449cb5f9a6717f6f520e64abdefce9
service_rate_1600_mbps,FTP3,1-5,2005,20.46577124515625,13098.0935969,3,3,2,2,1.0,1.0,15.539688333333332,"[13.25802,15.855103,17.505942]",38d8ccb906bac691f69971ceefa942f6527ecc6ebdec2450d6401dbd8a85862d
service_rate_1600_mbps,FTP3,1-5,2006,14.212992296875,9096.31507,3,3,3,3,1.0,1.0,16.014055666666668,"[16.776568,16.089235,15.176364]",27405965b0d178054267957af0f9516768c64f0edd70527d692470e0133e1c10
service_rate_1600_mbps,FTP3,1-5,2007,20.62228916109375,13198.2650631,4,4,4,4,1.0,1.0,15.157223,"[16.557528,16.231725,15.325367,12.514272]",ee04a76550ca6d843f7c59d0fb38e144144030ebb43a1d53d991dae3a1772f10
service_rate_1600_mbps,FTP3,1-5,2008,25.59425333109375,16380.3221319,6,6,3,3,1.0,1.0,13.911945000000001,"[16.945403,12.79287,15.332753,14.184676,9.027017,15.188951]",45c1d238c9fab5a637dd04b45080ee199513a0c25b327a909d8cd841b219c80d
service_rate_1600_mbps,FTP3,1-6,2001,7.925403031249999,5072.2579399999995,1,1,1,1,1.0,1.0,16.244742,[16.244742],aa7cc335e827996c11bc094b10023d7647b9b8f767fd5483e93841b61abffb75
service_rate_1600_mbps,FTP3,1-6,2002,5.602188765625,3585.40081,0,0,0,0,,,,[],0536fbf5e538aebed8259f3c10d2b3fe8927f6ed2563d91cd485f36110f4c109
service_rate_1600_mbps,FTP3,1-6,2003,17.228483328124998,11026.229329999998,4,4,4,4,1.0,1.0,12.22071275,"[16.674307,13.423325,5.532407,13.252812]",de8ab75d1554fd6b70a3d40ffa34abefffbd5d9579c30446a003bb7c5dfdd569
service_rate_1600_mbps,FTP3,1-6,2004,9.8631039140625,6312.3865049999995,2,2,1,1,1.0,1.0,15.51153,"[14.954884,16.068176]",4c013c479aef16180842a66c8f863af584449cb5f9a6717f6f520e64abdefce9
service_rate_1600_mbps,FTP3,1-6,2005,16.447233328124998,10526.229329999998,3,3,2,2,1.0,1.0,15.539688333333332,"[13.25802,15.855103,17.505942]",38d8ccb906bac691f69971ceefa942f6527ecc6ebdec2450d6401dbd8a85862d
service_rate_1600_mbps,FTP3,1-6,2006,11.029867296875,7059.11507,3,3,3,3,1.0,1.0,16.014055666666668,"[16.776568,16.089235,15.176364]",27405965b0d178054267957af0f9516768c64f0edd70527d692470e0133e1c10
service_rate_1600_mbps,FTP3,1-6,2007,17.228483328124998,11026.229329999998,4,4,4,4,1.0,1.0,15.157223,"[16.557528,16.231725,15.325367,12.514272]",ee04a76550ca6d843f7c59d0fb38e144144030ebb43a1d53d991dae3a1772f10
service_rate_1600_mbps,FTP3,1-6,2008,21.70800333109375,13893.1221319,6,6,3,3,1.0,1.0,13.911945000000001,"[16.945403,12.79287,15.332753,14.184676,9.027017,15.188951]",45c1d238c9fab5a637dd04b45080ee199513a0c25b327a909d8cd841b219c80d
service_rate_1600_mbps,IM,1-1,2001,10.124625,32398.8,1,1,1,1,1.0,1.0,175.945692,[175.945692],d997b4c70fc1472c08b7428ee30e5f2f78597736a5ebb12049c0e467b9cc6b25
service_rate_1600_mbps,IM,1-1,2002,15.911203125000002,50915.850000000006,4,4,3,4,1.0,0.75,183.1348195,"[83.652378,219.391404,125.097326,304.39817]",682540789ad332b510e9d8af3c13dab2bb300bba717b88e94a40b1678b0d5283
service_rate_1600_mbps,IM,1-1,2003,7.253125,23210.0,0,0,0,0,,,,[],e6f95ce79049befdd15ce22dd43058e9dcdd655341f79c8ebff1ddbb8b7264b2
service_rate_1600_mbps,IM,1-1,2004,12.996125,41587.6,2,2,2,2,1.0,1.0,108.943659,"[28.508126,189.379192]",130fc38a45419d6c343e433a8abf333e6b2f5c7454daf9b25e1a4a5eaf63c279
service_rate_1600_mbps,IM,1-1,2005,10.124625,32398.8,1,1,1,1,1.0,1.0,170.676993,[170.676993],e6dd3705e6c97b24044382a0af0675e271c6b1cac6a4afd4d99a5299c0b96c2b
service_rate_1600_mbps,IM,1-1,2006,15.8890066855,50844.8213936,3,3,2,3,1.0,0.6666666666666666,171.48249833333333,"[301.396105,0.5,212.55139]",500975355d4181d0da2cd9efd0605af41b7120f219aad09a6278a826507444a6
service_rate_1600_mbps,IM,1-1,2007,12.996125,41587.6,1,1,1,1,1.0,1.0,263.89969,[263.89969],5640d4fd1e7c8849a8b63bee85060b5c5b14e539489637a8ede99c084f1ff6ea
service_rate_1600_mbps,IM,1-1,2008,10.241967017312499,32774.2944554,3,3,2,2,1.0,1.0,27.61765766666667,"[64.239737,0.5,18.113236]",29107059cc7d7929ac572e9b29715d318318e8bf69af800b83ec6ef119905091
service_rate_1600_mbps,IM,1-5,2001,9.382065996281247,30022.61118809999,1,1,1,1,1.0,1.0,11.017121,[11.017121],d997b4c70fc1472c08b7428ee30e5f2f78597736a5ebb12049c0e467b9cc6b25
service_rate_1600_mbps,IM,1-5,2002,10.547479318999997,33751.93382079999,4,4,4,4,1.0,1.0,11.02529675,"[0.5,14.462833,14.668755,14.469599]",682540789ad332b510e9d8af3c13dab2bb300bba717b88e94a40b1678b0d5283
service_rate_1600_mbps,IM,1-5,2003,7.541347255281249,24132.311216899994,0,0,0,0,,,,[],e6f95ce79049befdd15ce22dd43058e9dcdd655341f79c8ebff1ddbb8b7264b2
service_rate_1600_mbps,IM,1-5,2004,9.217621790249996,29496.38972879999,2,2,2,2,1.0,1.0,14.015087999999999,"[13.579555,14.450621]",130fc38a45419d6c343e433a8abf333e6b2f5c7454daf9b25e1a4a5eaf63c279
service_rate_1600_mbps,IM,1-5,2005,8.849646368156248,28318.868378099993,1,1,1,1,1.0,1.0,10.748422,[10.748422],e6dd3705e6c97b24044382a0af0675e271c6b1cac6a4afd4d99a5299c0b96c2b
service_rate_1600_mbps,IM,1-5,2006,10.371929830062497,33190.17545619999,3,3,3,3,1.0,1.0,12.989986,"[11.467534,14.879605,12.622819]",500975355d4181d0da2cd9efd0605af41b7120f219aad09a6278a826507444a6
service_rate_1600_mbps,IM,1-5,2007,7.300403059374997,23361.289789999988,1,1,1,1,1.0,1.0,13.971119,[13.971119],5640d4fd1e7c8849a8b63bee85060b5c5b14e539489637a8ede99c084f1ff6ea
service_rate_1600_mbps,IM,1-5,2008,9.993617330437498,31979.575457399995,3,3,2,2,1.0,1.0,13.427224666666667,"[14.311166,12.785843,13.184665]",29107059cc7d7929ac572e9b29715d318318e8bf69af800b83ec6ef119905091
service_rate_1600_mbps,IM,1-6,2001,5.932862868749998,18985.161179999996,1,1,1,1,1.0,1.0,11.017121,[11.017121],d997b4c70fc1472c08b7428ee30e5f2f78597736a5ebb12049c0e467b9cc6b25
service_rate_1600_mbps,IM,1-6,2002,6.86145921646875,21956.6694927,4,4,4,4,1.0,1.0,11.02529675,"[0.5,14.462833,14.668755,14.469599]",682540789ad332b510e9d8af3c13dab2bb300bba717b88e94a40b1678b0d5283
service_rate_1600_mbps,IM,1-6,2003,3.6644878828124985,11726.361224999995,0,0,0,0,,,,[],e6f95ce79049befdd15ce22dd43058e9dcdd655341f79c8ebff1ddbb8b7264b2
service_rate_1600_mbps,IM,1-6,2004,5.893934295312498,18860.589744999994,2,2,2,2,1.0,1.0,14.015087999999999,"[13.579555,14.450621]",130fc38a45419d6c343e433a8abf333e6b2f5c7454daf9b25e1a4a5eaf63c279
service_rate_1600_mbps,IM,1-6,2005,5.166751265624998,16533.604049999994,1,1,1,1,1.0,1.0,10.748422,[10.748422],e6dd3705e6c97b24044382a0af0675e271c6b1cac6a4afd4d99a5299c0b96c2b
service_rate_1600_mbps,IM,1-6,2006,6.621117324999999,21187.575439999997,3,3,3,3,1.0,1.0,12.989986,"[11.467534,14.879605,12.622819]",500975355d4181d0da2cd9efd0605af41b7120f219aad09a6278a826507444a6
service_rate_1600_mbps,IM,1-6,2007,3.6165905593749983,11573.089789999995,1,1,1,1,1.0,1.0,13.971119,[13.971119],5640d4fd1e7c8849a8b63bee85060b5c5b14e539489637a8ede99c084f1ff6ea
service_rate_1600_mbps,IM,1-6,2008,6.20916419278125,19869.3254169,3,3,2,2,1.0,1.0,13.427224666666667,"[14.311166,12.785843,13.184665]",29107059cc7d7929ac572e9b29715d318318e8bf69af800b83ec6ef119905091
ideal_detection,FTP3,1-1,2001,24.824375,15887.6,1,1,0,1,1.0,0.0,133.673313,[133.673313],aa7cc335e827996c11bc094b10023d7647b9b8f767fd5483e93841b61abffb75
ideal_detection,FTP3,1-1,2002,9.107499999999998,5828.799999999999,0,0,0,0,,,,[],0536fbf5e538aebed8259f3c10d2b3fe8927f6ed2563d91cd485f36110f4c109
ideal_detection,FTP3,1-1,2003,59.056875000000005,37796.4,4,4,4,4,1.0,1.0,24.02428375,"[44.102878,15.851896,10.460978,25.681383]",de8ab75d1554fd6b70a3d40ffa34abefffbd5d9579c30446a003bb7c5dfdd569
ideal_detection,FTP3,1-1,2004,24.2775,15537.6,2,2,1,1,1.0,1.0,32.940101,"[57.383455,8.496747]",4c013c479aef16180842a66c8f863af584449cb5f9a6717f6f520e64abdefce9
ideal_detection,FTP3,1-1,2005,38.24921273453125,24479.4961501,3,3,1,2,1.0,0.5,57.73939566666667,"[5.0,123.283674,44.934513]",38d8ccb906bac691f69971ceefa942f6527ecc6ebdec2450d6401dbd8a85862d
ideal_detection,FTP3,1-1,2006,28.055018363906253,17955.211752900002,3,3,1,3,1.0,0.3333333333333333,104.54091366666667,"[5.0,153.517806,155.104935]",27405965b0d178054267957af0f9516768c64f0edd70527d692470e0133e1c10
ideal_detection,FTP3,1-1,2007,52.007769625,33284.97256,4,4,3,4,1.0,0.75,39.411598749999996,"[13.986099,133.660296,5.0,5.0]",ee04a76550ca6d843f7c59d0fb38e144144030ebb43a1d53d991dae3a1772f10
ideal_detection,FTP3,1-1,2008,29.494687500000005,18876.600000000002,6,6,0,3,1.0,0.0,98.840516,"[139.373974,137.721441,112.761324,81.613247,78.955588,42.617522]",45c1d238c9fab5a637dd04b45080ee199513a0c25b327a909d8cd841b219c80d
ideal_detection,FTP3,1-5,2001,10.6552021484375,6819.329375,1,1,1,1,1.0,1.0,18.744742,[18.744742],aa7cc335e827996c11bc094b10023d7647b9b8f767fd5483e93841b61abffb75
ideal_detection,FTP3,1-5,2002,5.613037,3592.34368,0,0,0,0,,,,[],0536fbf5e538aebed8259f3c10d2b3fe8927f6ed2563d91cd485f36110f4c109
ideal_detection,FTP3,1-5,2003,19.886161976562498,12727.143665,4,4,4,4,1.0,1.0,15.34571275,"[19.174307,15.923325,10.532407,15.752812]",de8ab75d1554fd6b70a3d40ffa34abefffbd5d9579c30446a003bb7c5dfdd569
ideal_detection,FTP3,1-5,2004,10.6552021484375,6819.329375,2,2,1,1,1.0,1.0,18.01153,"[17.454884,18.568176]",4c013c479aef16180842a66c8f863af584449cb5f9a6717f6f520e64abdefce9
ideal_detection,FTP3,1-5,2005,20.87182036234375,13357.965031900001,3,3,2,2,1.0,1.0,18.039688333333334,"[15.75802,18.355103,20.005942]",38d8ccb906bac691f69971ceefa942f6527ecc6ebdec2450d6401dbd8a85862d
ideal_detection,FTP3,1-5,2006,16.556742296875,10596.31507,3,3,3,3,1.0,1.0,19.347389,"[19.276568,18.589235,20.176364]",27405965b0d178054267957af0f9516768c64f0edd70527d692470e0133e1c10
ideal_detection,FTP3,1-5,2007,21.809588278281247,13958.136498099999,4,4,4,4,1.0,1.0,18.282223000000002,"[19.057528,18.731725,17.825367,17.514272]",ee04a76550ca6d843f7c59d0fb38e144144030ebb43a1d53d991dae3a1772f10
ideal_detection,FTP3,1-5,2008,28.388896198281248,18168.8935669,6,6,3,3,1.0,1.0,17.245278333333335,"[19.445403,17.79287,17.832753,16.684676,14.027017,17.688951]",45c1d238c9fab5a637dd04b45080ee199513a0c25b327a909d8cd841b219c80d
ideal_detection,FTP3,1-6,2001,6.768952148437499,4332.1293749999995,1,1,1,1,1.0,1.0,18.744742,[18.744742],aa7cc335e827996c11bc094b10023d7647b9b8f767fd5483e93841b61abffb75
ideal_detection,FTP3,1-6,2002,1.7267869999999994,1105.1436799999997,0,0,0,0,,,,[],0536fbf5e538aebed8259f3c10d2b3fe8927f6ed2563d91cd485f36110f4c109
ideal_detection,FTP3,1-6,2003,18.415782445312498,11786.100765,4,4,4,4,1.0,1.0,15.34571275,"[19.174307,15.923325,10.532407,15.752812]",de8ab75d1554fd6b70a3d40ffa34abefffbd5d9579c30446a003bb7c5dfdd569
ideal_detection,FTP3,1-6,2004,6.768952148437499,4332.1293749999995,2,2,1,1,1.0,1.0,18.01153,"[17.454884,18.568176]",4c013c479aef16180842a66c8f863af584449cb5f9a6717f6f520e64abdefce9
ideal_detection,FTP3,1-6,2005,16.853282445312498,10786.100765,3,3,2,2,1.0,1.0,18.039688333333334,"[15.75802,18.355103,20.005942]",38d8ccb906bac691f69971ceefa942f6527ecc6ebdec2450d6401dbd8a85862d
ideal_detection,FTP3,1-6,2006,13.373617296875,8559.11507,3,3,3,3,1.0,1.0,19.347389,"[19.276568,18.589235,20.176364]",27405965b0d178054267957af0f9516768c64f0edd70527d692470e0133e1c10
ideal_detection,FTP3,1-6,2007,18.415782445312498,11786.100765,4,4,4,4,1.0,1.0,18.282223000000002,"[19.057528,18.731725,17.825367,17.514272]",ee04a76550ca6d843f7c59d0fb38e144144030ebb43a1d53d991dae3a1772f10
ideal_detection,FTP3,1-6,2008,24.502646198281248,15681.6935669,6,6,3,3,1.0,1.0,17.245278333333335,"[19.445403,17.79287,17.832753,16.684676,14.027017,17.688951]",45c1d238c9fab5a637dd04b45080ee199513a0c25b327a909d8cd841b219c80d
ideal_detection,IM,1-1,2001,10.15275,32488.8,1,1,1,1,1.0,1.0,176.445692,[176.445692],d997b4c70fc1472c08b7428ee30e5f2f78597736a5ebb12049c0e467b9cc6b25
ideal_detection,IM,1-1,2002,16.03915625,51325.3,4,4,3,4,1.0,0.75,183.7598195,"[84.152378,219.891404,126.097326,304.89817]",682540789ad332b510e9d8af3c13dab2bb300bba717b88e94a40b1678b0d5283
ideal_detection,IM,1-1,2003,7.253125,23210.0,0,0,0,0,,,,[],e6f95ce79049befdd15ce22dd43058e9dcdd655341f79c8ebff1ddbb8b7264b2
ideal_detection,IM,1-1,2004,13.052375,41767.6,2,2,2,2,1.0,1.0,109.443659,"[29.008126,189.879192]",130fc38a45419d6c343e433a8abf333e6b2f5c7454daf9b25e1a4a5eaf63c279
ideal_detection,IM,1-1,2005,10.15275,32488.8,1,1,1,1,1.0,1.0,171.176993,[171.176993],e6dd3705e6c97b24044382a0af0675e271c6b1cac6a4afd4d99a5299c0b96c2b
ideal_detection,IM,1-1,2006,15.973381685500001,51114.8213936,3,3,2,3,1.0,0.6666666666666666,171.98249833333333,"[301.896105,1.0,213.05139]",500975355d4181d0da2cd9efd0605af41b7120f219aad09a6278a826507444a6
ideal_detection,IM,1-1,2007,13.052375,41767.6,1,1,1,1,1.0,1.0,264.39969,[264.39969],5640d4fd1e7c8849a8b63bee85060b5c5b14e539489637a8ede99c084f1ff6ea
ideal_detection,IM,1-1,2008,10.3013420173125,32964.2944554,3,3,2,2,1.0,1.0,28.11765766666667,"[64.739737,1.0,18.613236]",29107059cc7d7929ac572e9b29715d318318e8bf69af800b83ec6ef119905091
ideal_detection,IM,1-5,2001,6.169032529687497,19740.90409499999,1,1,1,1,1.0,1.0,11.517121,[11.517121],d997b4c70fc1472c08b7428ee30e5f2f78597736a5ebb12049c0e467b9cc6b25
ideal_detection,IM,1-5,2002,8.646769118749996,27669.661179999985,4,4,4,4,1.0,1.0,14.831248500000001,"[14.223807,14.962833,15.168755,14.969599]",682540789ad332b510e9d8af3c13dab2bb300bba717b88e94a40b1678b0d5283
ideal_detection,IM,1-5,2003,5.613036999999999,17961.718399999998,0,0,0,0,,,,[],e6f95ce79049befdd15ce22dd43058e9dcdd655341f79c8ebff1ddbb8b7264b2
ideal_detection,IM,1-5,2004,6.725028059374996,21520.089789999987,2,2,2,2,1.0,1.0,14.515087999999999,"[14.079555,14.950621]",130fc38a45419d6c343e433a8abf333e6b2f5c7454daf9b25e1a4a5eaf63c279
ideal_detection,IM,1-5,2005,6.1649901322187475,19727.968423099992,1,1,1,1,1.0,1.0,11.248422,[11.248422],e6dd3705e6c97b24044382a0af0675e271c6b1cac6a4afd4d99a5299c0b96c2b
ideal_detection,IM,1-5,2006,7.856164216593747,25139.72549309999,3,3,3,3,1.0,1.0,13.489986,"[11.967534,15.379605,13.122819]",500975355d4181d0da2cd9efd0605af41b7120f219aad09a6278a826507444a6
ideal_detection,IM,1-5,2007,6.371470029687498,20388.704094999994,1,1,1,1,1.0,1.0,14.471119,[14.471119],5640d4fd1e7c8849a8b63bee85060b5c5b14e539489637a8ede99c084f1ff6ea
ideal_detection,IM,1-5,2008,7.453179834374998,23850.175469999995,3,3,2,2,1.0,1.0,13.927224666666667,"[14.811166,13.285843,13.684665]",29107059cc7d7929ac572e9b29715d318318e8bf69af800b83ec6ef119905091
ideal_detection,IM,1-6,2001,2.4852200296874987,7952.7040949999955,1,1,1,1,1.0,1.0,11.517121,[11.517121],d997b4c70fc1472c08b7428ee30e5f2f78597736a5ebb12049c0e467b9cc6b25
ideal_detection,IM,1-6,2002,4.760519118749999,15233.661179999996,4,4,4,4,1.0,1.0,14.831248500000001,"[14.223807,14.962833,15.168755,14.969599]",682540789ad332b510e9d8af3c13dab2bb300bba717b88e94a40b1678b0d5283
ideal_detection,IM,1-6,2003,1.7267869999999985,5525.718399999995,0,0,0,0,,,,[],e6f95ce79049befdd15ce22dd43058e9dcdd655341f79c8ebff1ddbb8b7264b2
ideal_detection,IM,1-6,2004,3.2436530593749984,10379.689789999995,2,2,2,2,1.0,1.0,14.515087999999999,"[14.079555,14.950621]",130fc38a45419d6c343e433a8abf333e6b2f5c7454daf9b25e1a4a5eaf63c279
ideal_detection,IM,1-6,2005,2.4852200296874987,7952.7040949999955,1,1,1,1,1.0,1.0,11.248422,[11.248422],e6dd3705e6c97b24044382a0af0675e271c6b1cac6a4afd4d99a5299c0b96c2b
ideal_detection,IM,1-6,2006,4.002086089062499,12806.675484999996,3,3,3,3,1.0,1.0,13.489986,"[11.967534,15.379605,13.122819]",500975355d4181d0da2cd9efd0605af41b7120f219aad09a6278a826507444a6
ideal_detection,IM,1-6,2007,2.4852200296874987,7952.7040949999955,1,1,1,1,1.0,1.0,14.471119,[14.471119],5640d4fd1e7c8849a8b63bee85060b5c5b14e539489637a8ede99c084f1ff6ea
ideal_detection,IM,1-6,2008,3.599101706843748,11517.125461899994,3,3,2,2,1.0,1.0,13.927224666666667,"[14.811166,13.285843,13.684665]",29107059cc7d7929ac572e9b29715d318318e8bf69af800b83ec6ef119905091
impaired_detection,FTP3,1-1,2001,24.824375,15887.6,1,1,0,1,1.0,0.0,133.673313,[133.673313],aa7cc335e827996c11bc094b10023d7647b9b8f767fd5483e93841b61abffb75
impaired_detection,FTP3,1-1,2002,9.107499999999998,5828.799999999999,0,0,0,0,,,,[],0536fbf5e538aebed8259f3c10d2b3fe8927f6ed2563d91cd485f36110f4c109
impaired_detection,FTP3,1-1,2003,59.056875000000005,37796.4,4,4,4,4,1.0,1.0,24.02428375,"[44.102878,15.851896,10.460978,25.681383]",de8ab75d1554fd6b70a3d40ffa34abefffbd5d9579c30446a003bb7c5dfdd569
impaired_detection,FTP3,1-1,2004,24.2775,15537.6,2,2,1,1,1.0,1.0,32.940101,"[57.383455,8.496747]",4c013c479aef16180842a66c8f863af584449cb5f9a6717f6f520e64abdefce9
impaired_detection,FTP3,1-1,2005,38.24921273453125,24479.4961501,3,3,1,2,1.0,0.5,57.73939566666667,"[5.0,123.283674,44.934513]",38d8ccb906bac691f69971ceefa942f6527ecc6ebdec2450d6401dbd8a85862d
impaired_detection,FTP3,1-1,2006,28.055018363906253,17955.211752900002,3,3,1,3,1.0,0.3333333333333333,104.54091366666667,"[5.0,153.517806,155.104935]",27405965b0d178054267957af0f9516768c64f0edd70527d692470e0133e1c10
impaired_detection,FTP3,1-1,2007,52.007769625,33284.97256,4,4,3,4,1.0,0.75,39.411598749999996,"[13.986099,133.660296,5.0,5.0]",ee04a76550ca6d843f7c59d0fb38e144144030ebb43a1d53d991dae3a1772f10
impaired_detection,FTP3,1-1,2008,29.494687500000005,18876.600000000002,6,6,0,3,1.0,0.0,98.840516,"[139.373974,137.721441,112.761324,81.613247,78.955588,42.617522]",45c1d238c9fab5a637dd04b45080ee199513a0c25b327a909d8cd841b219c80d
impaired_detection,FTP3,1-5,2001,27.816072570312503,17802.286445,1,1,1,1,1.0,1.0,18.744742,[18.744742],aa7cc335e827996c11bc094b10023d7647b9b8f767fd5483e93841b61abffb75
impaired_detection,FTP3,1-5,2002,24.9735503359375,15983.072215,0,0,0,0,,,,[],0536fbf5e538aebed8259f3c10d2b3fe8927f6ed2563d91cd485f36110f4c109
impaired_detection,FTP3,1-5,2003,38.00930923437501,24325.957910000005,4,4,4,4,1.0,1.0,15.34571275,"[19.174307,15.923325,10.532407,15.752812]",de8ab75d1554fd6b70a3d40ffa34abefffbd5d9579c30446a003bb7c5dfdd569
impaired_detection,FTP3,1-5,2004,23.00543644046875,14723.479321899998,2,2,1,1,1.0,1.0,23.01153,"[22.454884,23.568176]",4c013c479aef16180842a66c8f863af584449cb5f9a6717f6f520e64abdefce9
impaired_detection,FTP3,1-5,2005,29.89302570609375,19131.5364519,3,3,2,2,1.0,1.0,13.039688333333332,"[15.75802,18.355103,5.005942]",38d8ccb906bac691f69971ceefa942f6527ecc6ebdec2450d6401dbd8a85862d
impaired_detection,FTP3,1-5,2006,37.34073776562501,23898.072170000003,3,3,3,3,1.0,1.0,17.680722333333332,"[14.276568,18.589235,20.176364]",27405965b0d178054267957af0f9516768c64f0edd70527d692470e0133e1c10
impaired_detection,FTP3,1-5,2007,33.97934274109375,21746.7793543,4,4,4,4,1.0,1.0,14.849291749999999,"[19.057528,5.0,17.825367,17.514272]",ee04a76550ca6d843f7c59d0fb38e144144030ebb43a1d53d991dae3a1772f10
impaired_detection,FTP3,1-5,2008,39.265023357500006,25129.614948800005,6,6,3,3,1.0,1.0,16.411945,"[14.445403,12.79287,17.832753,16.684676,14.027017,22.688951]",45c1d238c9fab5a637dd04b45080ee199513a0c25b327a909d8cd841b219c80d
impaired_detection,FTP3,1-6,2001,25.932969875000005,16597.100720000002,1,1,1,1,1.0,1.0,18.744742,[18.744742],aa7cc335e827996c11bc094b10023d7647b9b8f767fd5483e93841b61abffb75
impaired_detection,FTP3,1-6,2002,22.4307154609375,14355.657894999998,0,0,0,0,,,,[],0536fbf5e538aebed8259f3c10d2b3fe8927f6ed2563d91cd485f36110f4c109
impaired_detection,FTP3,1-6,2003,36.532791273437496,23380.986415,4,4,4,4,1.0,1.0,15.34571275,"[19.174307,15.923325,10.532407,15.752812]",de8ab75d1554fd6b70a3d40ffa34abefffbd5d9579c30446a003bb7c5dfdd569
impaired_detection,FTP3,1-6,2004,19.166139578124998,12266.329329999999,2,2,1,1,1.0,1.0,23.01153,"[22.454884,23.568176]",4c013c479aef16180842a66c8f863af584449cb5f9a6717f6f520e64abdefce9
impaired_detection,FTP3,1-6,2005,26.20138509375,16768.88646,3,3,2,2,1.0,1.0,13.039688333333332,"[15.75802,18.355103,5.005942]",38d8ccb906bac691f69971ceefa942f6527ecc6ebdec2450d6401dbd8a85862d
impaired_detection,FTP3,1-6,2006,35.856496640625004,22948.157850000003,3,3,3,3,1.0,1.0,17.680722333333332,"[14.276568,18.589235,20.176364]",27405965b0d178054267957af0f9516768c64f0edd70527d692470e0133e1c10
impaired_detection,FTP3,1-6,2007,31.90624002046875,20419.9936131,4,4,4,4,1.0,1.0,14.849291749999999,"[19.057528,5.0,17.825367,17.514272]",ee04a76550ca6d843f7c59d0fb38e144144030ebb43a1d53d991dae3a1772f10
impaired_detection,FTP3,1-6,2008,36.12885149515626,23122.464956900007,6,6,3,3,1.0,1.0,16.411945,"[14.445403,12.79287,17.832753,16.684676,14.027017,22.688951]",45c1d238c9fab5a637dd04b45080ee199513a0c25b327a909d8cd841b219c80d
impaired_detection,IM,1-1,2001,10.15275,32488.8,1,1,1,1,1.0,1.0,176.445692,[176.445692],d997b4c70fc1472c08b7428ee30e5f2f78597736a5ebb12049c0e467b9cc6b25
impaired_detection,IM,1-1,2002,16.03915625,51325.3,4,4,3,4,1.0,0.75,183.7598195,"[84.152378,219.891404,126.097326,304.89817]",682540789ad332b510e9d8af3c13dab2bb300bba717b88e94a40b1678b0d5283
impaired_detection,IM,1-1,2003,7.253125,23210.0,0,0,0,0,,,,[],e6f95ce79049befdd15ce22dd43058e9dcdd655341f79c8ebff1ddbb8b7264b2
impaired_detection,IM,1-1,2004,13.052375,41767.6,2,2,2,2,1.0,1.0,109.443659,"[29.008126,189.879192]",130fc38a45419d6c343e433a8abf333e6b2f5c7454daf9b25e1a4a5eaf63c279
impaired_detection,IM,1-1,2005,10.15275,32488.8,1,1,1,1,1.0,1.0,171.176993,[171.176993],e6dd3705e6c97b24044382a0af0675e271c6b1cac6a4afd4d99a5299c0b96c2b
impaired_detection,IM,1-1,2006,15.973381685500001,51114.8213936,3,3,2,3,1.0,0.6666666666666666,171.98249833333333,"[301.896105,1.0,213.05139]",500975355d4181d0da2cd9efd0605af41b7120f219aad09a6278a826507444a6
impaired_detection,IM,1-1,2007,13.052375,41767.6,1,1,1,1,1.0,1.0,264.39969,[264.39969],5640d4fd1e7c8849a8b63bee85060b5c5b14e539489637a8ede99c084f1ff6ea
impaired_detection,IM,1-1,2008,10.3013420173125,32964.2944554,3,3,2,2,1.0,1.0,28.11765766666667,"[64.739737,1.0,18.613236]",29107059cc7d7929ac572e9b29715d318318e8bf69af800b83ec6ef119905091
impaired_detection,IM,1-5,2001,24.440983328124993,78211.14664999998,1,1,1,1,1.0,1.0,11.517121,[11.517121],d997b4c70fc1472c08b7428ee30e5f2f78597736a5ebb12049c0e467b9cc6b25
impaired_detection,IM,1-5,2002,22.33597730181249,71475.12736579997,4,4,4,4,1.0,1.0,9.282897,"[1.0,19.962833,15.168755,1.0]",682540789ad332b510e9d8af3c13dab2bb300bba717b88e94a40b1678b0d5283
impaired_detection,IM,1-5,2003,20.51777575371875,65656.8824119,0,0,0,0,,,,[],e6f95ce79049befdd15ce22dd43058e9dcdd655341f79c8ebff1ddbb8b7264b2
impaired_detection,IM,1-5,2004,24.61508155312499,78768.26096999997,2,2,2,2,1.0,1.0,14.515087999999999,"[14.079555,14.950621]",130fc38a45419d6c343e433a8abf333e6b2f5c7454daf9b25e1a4a5eaf63c279
impaired_detection,IM,1-5,2005,24.646411915999987,78868.51813119996,1,1,1,1,1.0,1.0,16.248422,[16.248422],e6dd3705e6c97b24044382a0af0675e271c6b1cac6a4afd4d99a5299c0b96c2b
impaired_detection,IM,1-5,2006,26.012324810343742,83239.43939309998,3,3,3,3,1.0,1.0,11.823319333333332,"[11.967534,15.379605,8.122819]",500975355d4181d0da2cd9efd0605af41b7120f219aad09a6278a826507444a6
impaired_detection,IM,1-5,2007,18.94794094940625,60633.4110381,1,1,1,1,1.0,1.0,14.471119,[14.471119],5640d4fd1e7c8849a8b63bee85060b5c5b14e539489637a8ede99c084f1ff6ea
impaired_detection,IM,1-5,2008,23.091395371499992,73892.46518879998,3,3,2,2,1.0,1.0,5.228221666666667,"[1.0,1.0,13.684665]",29107059cc7d7929ac572e9b29715d318318e8bf69af800b83ec6ef119905091
impaired_detection,IM,1-6,2001,22.02928241718749,70493.70373499996,1,1,1,1,1.0,1.0,11.517121,[11.517121],d997b4c70fc1472c08b7428ee30e5f2f78597736a5ebb12049c0e467b9cc6b25
impaired_detection,IM,1-6,2002,19.40278755746874,62088.92018389997,4,4,4,4,1.0,1.0,9.282897,"[1.0,19.962833,15.168755,1.0]",682540789ad332b510e9d8af3c13dab2bb300bba717b88e94a40b1678b0d5283
impaired_detection,IM,1-6,2003,17.021139592187495,54467.64669499999,0,0,0,0,,,,[],e6f95ce79049befdd15ce22dd43058e9dcdd655341f79c8ebff1ddbb8b7264b2
impaired_detection,IM,1-6,2004,22.157188667187487,70903.00373499996,2,2,2,2,1.0,1.0,14.515087999999999,"[14.079555,14.950621]",130fc38a45419d6c343e433a8abf333e6b2f5c7454daf9b25e1a4a5eaf63c279
impaired_detection,IM,1-6,2005,21.66377796093749,69324.08947499997,1,1,1,1,1.0,1.0,16.248422,[16.248422],e6dd3705e6c97b24044382a0af0675e271c6b1cac6a4afd4d99a5299c0b96c2b
impaired_detection,IM,1-6,2006,23.120420799999987,73985.34655999996,3,3,3,3,1.0,1.0,11.823319333333332,"[11.967534,15.379605,8.122819]",500975355d4181d0da2cd9efd0605af41b7120f219aad09a6278a826507444a6
impaired_detection,IM,1-6,2007,15.752885135937502,50409.232435000005,1,1,1,1,1.0,1.0,14.471119,[14.471119],5640d4fd1e7c8849a8b63bee85060b5c5b14e539489637a8ede99c084f1ff6ea
impaired_detection,IM,1-6,2008,20.10593330296875,64338.9865695,3,3,2,2,1.0,1.0,5.228221666666667,"[1.0,1.0,13.684665]",29107059cc7d7929ac572e9b29715d318318e8bf69af800b83ec6ef119905091
annex_e_wus_mo_4ms,FTP3,1-1,2001,24.824375,15887.6,1,1,0,1,1.0,0.0,133.673313,[133.673313],aa7cc335e827996c11bc094b10023d7647b9b8f767fd5483e93841b61abffb75
annex_e_wus_mo_4ms,FTP3,1-1,2002,9.107499999999998,5828.799999999999,0,0,0,0,,,,[],0536fbf5e538aebed8259f3c10d2b3fe8927f6ed2563d91cd485f36110f4c109
annex_e_wus_mo_4ms,FTP3,1-1,2003,59.056875000000005,37796.4,4,4,4,4,1.0,1.0,24.02428375,"[44.102878,15.851896,10.460978,25.681383]",de8ab75d1554fd6b70a3d40ffa34abefffbd5d9579c30446a003bb7c5dfdd569
annex_e_wus_mo_4ms,FTP3,1-1,2004,24.2775,15537.6,2,2,1,1,1.0,1.0,32.940101,"[57.383455,8.496747]",4c013c479aef16180842a66c8f863af584449cb5f9a6717f6f520e64abdefce9
annex_e_wus_mo_4ms,FTP3,1-1,2005,38.24921273453125,24479.4961501,3,3,1,2,1.0,0.5,57.73939566666667,"[5.0,123.283674,44.934513]",38d8ccb906bac691f69971ceefa942f6527ecc6ebdec2450d6401dbd8a85862d
annex_e_wus_mo_4ms,FTP3,1-1,2006,28.055018363906253,17955.211752900002,3,3,1,3,1.0,0.3333333333333333,104.54091366666667,"[5.0,153.517806,155.104935]",27405965b0d178054267957af0f9516768c64f0edd70527d692470e0133e1c10
annex_e_wus_mo_4ms,FTP3,1-1,2007,52.007769625,33284.97256,4,4,3,4,1.0,0.75,39.411598749999996,"[13.986099,133.660296,5.0,5.0]",ee04a76550ca6d843f7c59d0fb38e144144030ebb43a1d53d991dae3a1772f10
annex_e_wus_mo_4ms,FTP3,1-1,2008,29.494687500000005,18876.600000000002,6,6,0,3,1.0,0.0,98.840516,"[139.373974,137.721441,112.761324,81.613247,78.955588,42.617522]",45c1d238c9fab5a637dd04b45080ee199513a0c25b327a909d8cd841b219c80d
annex_e_wus_mo_4ms,FTP3,1-5,2001,23.822812499999998,15246.599999999999,1,1,1,1,1.0,1.0,22.673313,[22.673313],aa7cc335e827996c11bc094b10023d7647b9b8f767fd5483e93841b61abffb75
annex_e_wus_mo_4ms,FTP3,1-5,2002,20.3365625,13015.4,0,0,0,0,,,,[],0536fbf5e538aebed8259f3c10d2b3fe8927f6ed2563d91cd485f36110f4c109
annex_e_wus_mo_4ms,FTP3,1-5,2003,32.65421875,20898.7,4,4,4,4,1.0,1.0,19.274283750000002,"[23.102878,19.851896,14.460978,19.681383]",de8ab75d1554fd6b70a3d40ffa34abefffbd5d9579c30446a003bb7c5dfdd569
annex_e_wus_mo_4ms,FTP3,1-5,2004,25.559375,16358.0,2,2,1,1,1.0,1.0,21.940101,"[21.383455,22.496747]",4c013c479aef16180842a66c8f863af584449cb5f9a6717f6f520e64abdefce9
annex_e_wus_mo_4ms,FTP3,1-5,2005,32.951875,21089.2,3,3,2,2,1.0,1.0,21.968259333333332,"[19.686591,22.283674,23.934513]",38d8ccb906bac691f69971ceefa942f6527ecc6ebdec2450d6401dbd8a85862d
annex_e_wus_mo_4ms,FTP3,1-5,2006,27.50875,17605.6,3,3,3,3,1.0,1.0,23.275959999999998,"[23.205139,22.517806,24.104935]",27405965b0d178054267957af0f9516768c64f0edd70527d692470e0133e1c10
annex_e_wus_mo_4ms,FTP3,1-5,2007,34.38953125,22009.3,4,4,4,4,1.0,1.0,22.210794,"[22.986099,22.660296,21.753938,21.442843]",ee04a76550ca6d843f7c59d0fb38e144144030ebb43a1d53d991dae3a1772f10
annex_e_wus_mo_4ms,FTP3,1-5,2008,39.98046875,25587.5,6,6,3,3,1.0,1.0,21.173849333333333,"[23.373974,21.721441,21.761324,20.613247,17.955588,21.617522]",45c1d238c9fab5a637dd04b45080ee199513a0c25b327a909d8cd841b219c80d
annex_e_wus_mo_4ms,FTP3,1-6,2001,19.9365625,12759.4,1,1,1,1,1.0,1.0,22.673313,[22.673313],aa7cc335e827996c11bc094b10023d7647b9b8f767fd5483e93841b61abffb75
annex_e_wus_mo_4ms,FTP3,1-6,2002,17.01625,10890.4,0,0,0,0,,,,[],0536fbf5e538aebed8259f3c10d2b3fe8927f6ed2563d91cd485f36110f4c109
annex_e_wus_mo_4ms,FTP3,1-6,2003,30.843437500000004,19739.800000000003,4,4,4,4,1.0,1.0,19.274283750000002,"[23.102878,19.851896,14.460978,19.681383]",de8ab75d1554fd6b70a3d40ffa34abefffbd5d9579c30446a003bb7c5dfdd569
annex_e_wus_mo_4ms,FTP3,1-6,2004,21.6884375,13880.6,2,2,1,1,1.0,1.0,21.940101,"[21.383455,22.496747]",4c013c479aef16180842a66c8f863af584449cb5f9a6717f6f520e64abdefce9
annex_e_wus_mo_4ms,FTP3,1-6,2005,29.065625,18602.0,3,3,2,2,1.0,1.0,21.968259333333332,"[19.686591,22.283674,23.934513]",38d8ccb906bac691f69971ceefa942f6527ecc6ebdec2450d6401dbd8a85862d
annex_e_wus_mo_4ms,FTP3,1-6,2006,24.634687500000002,15766.2,3,3,3,3,1.0,1.0,23.275959999999998,"[23.205139,22.517806,24.104935]",27405965b0d178054267957af0f9516768c64f0edd70527d692470e0133e1c10
annex_e_wus_mo_4ms,FTP3,1-6,2007,30.8434375,19739.8,4,4,4,4,1.0,1.0,22.210794,"[22.986099,22.660296,21.753938,21.442843]",ee04a76550ca6d843f7c59d0fb38e144144030ebb43a1d53d991dae3a1772f10
annex_e_wus_mo_4ms,FTP3,1-6,2008,36.094218749999996,23100.3,6,6,3,3,1.0,1.0,21.173849333333333,"[23.373974,21.721441,21.761324,20.613247,17.955588,21.617522]",45c1d238c9fab5a637dd04b45080ee199513a0c25b327a909d8cd841b219c80d
annex_e_wus_mo_4ms,IM,1-1,2001,10.15275,32488.8,1,1,1,1,1.0,1.0,176.445692,[176.445692],d997b4c70fc1472c08b7428ee30e5f2f78597736a5ebb12049c0e467b9cc6b25
annex_e_wus_mo_4ms,IM,1-1,2002,16.03915625,51325.3,4,4,3,4,1.0,0.75,183.7598195,"[84.152378,219.891404,126.097326,304.89817]",682540789ad332b510e9d8af3c13dab2bb300bba717b88e94a40b1678b0d5283
annex_e_wus_mo_4ms,IM,1-1,2003,7.253125,23210.0,0,0,0,0,,,,[],e6f95ce79049befdd15ce22dd43058e9dcdd655341f79c8ebff1ddbb8b7264b2
annex_e_wus_mo_4ms,IM,1-1,2004,13.052375,41767.6,2,2,2,2,1.0,1.0,109.443659,"[29.008126,189.879192]",130fc38a45419d6c343e433a8abf333e6b2f5c7454daf9b25e1a4a5eaf63c279
annex_e_wus_mo_4ms,IM,1-1,2005,10.15275,32488.8,1,1,1,1,1.0,1.0,171.176993,[171.176993],e6dd3705e6c97b24044382a0af0675e271c6b1cac6a4afd4d99a5299c0b96c2b
annex_e_wus_mo_4ms,IM,1-1,2006,15.973381685500001,51114.8213936,3,3,2,3,1.0,0.6666666666666666,171.98249833333333,"[301.896105,1.0,213.05139]",500975355d4181d0da2cd9efd0605af41b7120f219aad09a6278a826507444a6
annex_e_wus_mo_4ms,IM,1-1,2007,13.052375,41767.6,1,1,1,1,1.0,1.0,264.39969,[264.39969],5640d4fd1e7c8849a8b63bee85060b5c5b14e539489637a8ede99c084f1ff6ea
annex_e_wus_mo_4ms,IM,1-1,2008,10.3013420173125,32964.2944554,3,3,2,2,1.0,1.0,28.11765766666667,"[64.739737,1.0,18.613236]",29107059cc7d7929ac572e9b29715d318318e8bf69af800b83ec6ef119905091
annex_e_wus_mo_4ms,IM,1-5,2001,20.81375000000001,66604.00000000003,1,1,1,1,1.0,1.0,15.445692,[15.445692],d997b4c70fc1472c08b7428ee30e5f2f78597736a5ebb12049c0e467b9cc6b25
annex_e_wus_mo_4ms,IM,1-5,2002,21.938946817437508,70204.62981580003,4,4,4,4,1.0,1.0,14.471725,"[1.0,18.891404,19.097326,18.89817]",682540789ad332b510e9d8af3c13dab2bb300bba717b88e94a40b1678b0d5283
annex_e_wus_mo_4ms,IM,1-5,2003,19.114968750000013,61167.90000000004,0,0,0,0,,,,[],e6f95ce79049befdd15ce22dd43058e9dcdd655341f79c8ebff1ddbb8b7264b2
annex_e_wus_mo_4ms,IM,1-5,2004,20.580031250000005,65856.10000000002,2,2,2,2,1.0,1.0,18.443659,"[18.008126,18.879192]",130fc38a45419d6c343e433a8abf333e6b2f5c7454daf9b25e1a4a5eaf63c279
annex_e_wus_mo_4ms,IM,1-5,2005,20.419562500000012,65342.600000000035,1,1,1,1,1.0,1.0,15.176993,[15.176993],e6dd3705e6c97b24044382a0af0675e271c6b1cac6a4afd4d99a5299c0b96c2b
annex_e_wus_mo_4ms,IM,1-5,2006,21.81259375000001,69800.30000000003,3,3,3,3,1.0,1.0,17.418557,"[15.896105,19.308176,17.05139]",500975355d4181d0da2cd9efd0605af41b7120f219aad09a6278a826507444a6
annex_e_wus_mo_4ms,IM,1-5,2007,18.931875000000012,60582.000000000044,1,1,1,1,1.0,1.0,18.39969,[18.39969],5640d4fd1e7c8849a8b63bee85060b5c5b14e539489637a8ede99c084f1ff6ea
annex_e_wus_mo_4ms,IM,1-5,2008,21.03393756250001,67308.60020000003,3,3,2,2,1.0,1.0,11.942550333333335,"[1.000001,17.214414,17.613236]",29107059cc7d7929ac572e9b29715d318318e8bf69af800b83ec6ef119905091
annex_e_wus_mo_4ms,IM,1-6,2001,17.341343749999993,55492.29999999998,1,1,1,1,1.0,1.0,15.445692,[15.445692],d997b4c70fc1472c08b7428ee30e5f2f78597736a5ebb12049c0e467b9cc6b25
annex_e_wus_mo_4ms,IM,1-6,2002,18.168946817437494,58140.62981579998,4,4,4,4,1.0,1.0,14.471725,"[1.0,18.891404,19.097326,18.89817]",682540789ad332b510e9d8af3c13dab2bb300bba717b88e94a40b1678b0d5283
annex_e_wus_mo_4ms,IM,1-6,2003,15.264374999999998,48845.99999999999,0,0,0,0,,,,[],e6f95ce79049befdd15ce22dd43058e9dcdd655341f79c8ebff1ddbb8b7264b2
annex_e_wus_mo_4ms,IM,1-6,2004,17.333999999999993,55468.79999999998,2,2,2,2,1.0,1.0,18.443659,"[18.008126,18.879192]",130fc38a45419d6c343e433a8abf333e6b2f5c7454daf9b25e1a4a5eaf63c279
annex_e_wus_mo_4ms,IM,1-6,2005,16.649562499999995,53278.599999999984,1,1,1,1,1.0,1.0,15.176993,[15.176993],e6dd3705e6c97b24044382a0af0675e271c6b1cac6a4afd4d99a5299c0b96c2b
annex_e_wus_mo_4ms,IM,1-6,2006,18.018437499999994,57658.99999999998,3,3,3,3,1.0,1.0,17.418557,"[15.896105,19.308176,17.05139]",500975355d4181d0da2cd9efd0605af41b7120f219aad09a6278a826507444a6
annex_e_wus_mo_4ms,IM,1-6,2007,15.248062499999998,48793.799999999996,1,1,1,1,1.0,1.0,18.39969,[18.39969],5640d4fd1e7c8849a8b63bee85060b5c5b14e539489637a8ede99c084f1ff6ea
annex_e_wus_mo_4ms,IM,1-6,2008,17.174593812499992,54958.70019999998,3,3,2,2,1.0,1.0,11.942550333333335,"[1.000001,17.214414,17.613236]",29107059cc7d7929ac572e9b29715d318318e8bf69af800b83ec6ef119905091
lr_wus_power_45,FTP3,1-1,2001,24.824375,15887.6,1,1,0,1,1.0,0.0,133.673313,[133.673313],aa7cc335e827996c11bc094b10023d7647b9b8f767fd5483e93841b61abffb75
lr_wus_power_45,FTP3,1-1,2002,9.107499999999998,5828.799999999999,0,0,0,0,,,,[],0536fbf5e538aebed8259f3c10d2b3fe8927f6ed2563d91cd485f36110f4c109
lr_wus_power_45,FTP3,1-1,2003,59.056875000000005,37796.4,4,4,4,4,1.0,1.0,24.02428375,"[44.102878,15.851896,10.460978,25.681383]",de8ab75d1554fd6b70a3d40ffa34abefffbd5d9579c30446a003bb7c5dfdd569
lr_wus_power_45,FTP3,1-1,2004,24.2775,15537.6,2,2,1,1,1.0,1.0,32.940101,"[57.383455,8.496747]",4c013c479aef16180842a66c8f863af584449cb5f9a6717f6f520e64abdefce9
lr_wus_power_45,FTP3,1-1,2005,38.24921273453125,24479.4961501,3,3,1,2,1.0,0.5,57.73939566666667,"[5.0,123.283674,44.934513]",38d8ccb906bac691f69971ceefa942f6527ecc6ebdec2450d6401dbd8a85862d
lr_wus_power_45,FTP3,1-1,2006,28.055018363906253,17955.211752900002,3,3,1,3,1.0,0.3333333333333333,104.54091366666667,"[5.0,153.517806,155.104935]",27405965b0d178054267957af0f9516768c64f0edd70527d692470e0133e1c10
lr_wus_power_45,FTP3,1-1,2007,52.007769625,33284.97256,4,4,3,4,1.0,0.75,39.411598749999996,"[13.986099,133.660296,5.0,5.0]",ee04a76550ca6d843f7c59d0fb38e144144030ebb43a1d53d991dae3a1772f10
lr_wus_power_45,FTP3,1-1,2008,29.494687500000005,18876.600000000002,6,6,0,3,1.0,0.0,98.840516,"[139.373974,137.721441,112.761324,81.613247,78.955588,42.617522]",45c1d238c9fab5a637dd04b45080ee199513a0c25b327a909d8cd841b219c80d
lr_wus_power_45,FTP3,1-5,2001,13.00808409375,8325.17382,1,1,1,1,1.0,1.0,18.744742,[18.744742],aa7cc335e827996c11bc094b10023d7647b9b8f767fd5483e93841b61abffb75
lr_wus_power_45,FTP3,1-5,2002,8.909166809531252,5701.866758100001,0,0,0,0,,,,[],0536fbf5e538aebed8259f3c10d2b3fe8927f6ed2563d91cd485f36110f4c109
lr_wus_power_45,FTP3,1-5,2003,22.218954515625,14220.13089,4,4,4,4,1.0,1.0,15.34571275,"[19.174307,15.923325,10.532407,15.752812]",de8ab75d1554fd6b70a3d40ffa34abefffbd5d9579c30446a003bb7c5dfdd569
lr_wus_power_45,FTP3,1-5,2004,14.942436742187502,9563.159515000001,2,2,1,1,1.0,1.0,18.01153,"[17.454884,18.568176]",4c013c479aef16180842a66c8f863af584449cb5f9a6717f6f520e64abdefce9
lr_wus_power_45,FTP3,1-5,2005,23.204612901406254,14850.952256900002,3,3,2,2,1.0,1.0,18.039688333333334,"[15.75802,18.355103,20.005942]",38d8ccb906bac691f69971ceefa942f6527ecc6ebdec2450d6401dbd8a85862d
lr_wus_power_45,FTP3,1-5,2006,16.965226890625,10857.745210000001,3,3,3,3,1.0,1.0,19.347389,"[19.276568,18.589235,20.176364]",27405965b0d178054267957af0f9516768c64f0edd70527d692470e0133e1c10
lr_wus_power_45,FTP3,1-5,2007,24.142380817343753,15451.123723100001,4,4,4,4,1.0,1.0,18.282223000000002,"[19.057528,18.731725,17.825367,17.514272]",ee04a76550ca6d843f7c59d0fb38e144144030ebb43a1d53d991dae3a1772f10
lr_wus_power_45,FTP3,1-5,2008,30.67014851859375,19628.8950519,6,6,3,3,1.0,1.0,17.245278333333335,"[19.445403,17.79287,17.832753,16.684676,14.027017,17.688951]",45c1d238c9fab5a637dd04b45080ee199513a0c25b327a909d8cd841b219c80d
lr_wus_power_45,FTP3,1-6,2001,9.121834093750001,5837.973820000001,1,1,1,1,1.0,1.0,18.744742,[18.744742],aa7cc335e827996c11bc094b10023d7647b9b8f767fd5483e93841b61abffb75
lr_wus_power_45,FTP3,1-6,2002,6.024066296875001,3855.402430000001,0,0,0,0,,,,[],0536fbf5e538aebed8259f3c10d2b3fe8927f6ed2563d91cd485f36110f4c109
lr_wus_power_45,FTP3,1-6,2003,20.748574984375,13279.08799,4,4,4,4,1.0,1.0,15.34571275,"[19.174307,15.923325,10.532407,15.752812]",de8ab75d1554fd6b70a3d40ffa34abefffbd5d9579c30446a003bb7c5dfdd569
lr_wus_power_45,FTP3,1-6,2004,11.056186742187501,7075.9595150000005,2,2,1,1,1.0,1.0,18.01153,"[17.454884,18.568176]",4c013c479aef16180842a66c8f863af584449cb5f9a6717f6f520e64abdefce9
lr_wus_power_45,FTP3,1-6,2005,19.186074984375,12279.08799,3,3,2,2,1.0,1.0,18.039688333333334,"[15.75802,18.355103,20.005942]",38d8ccb906bac691f69971ceefa942f6527ecc6ebdec2450d6401dbd8a85862d
lr_wus_power_45,FTP3,1-6,2006,13.782101890625,8820.54521,3,3,3,3,1.0,1.0,19.347389,"[19.276568,18.589235,20.176364]",27405965b0d178054267957af0f9516768c64f0edd70527d692470e0133e1c10
lr_wus_power_45,FTP3,1-6,2007,20.748574984375,13279.08799,4,4,4,4,1.0,1.0,18.282223000000002,"[19.057528,18.731725,17.825367,17.514272]",ee04a76550ca6d843f7c59d0fb38e144144030ebb43a1d53d991dae3a1772f10
lr_wus_power_45,FTP3,1-6,2008,26.78389851859375,17141.695051900002,6,6,3,3,1.0,1.0,17.245278333333335,"[19.445403,17.79287,17.832753,16.684676,14.027017,17.688951]",45c1d238c9fab5a637dd04b45080ee199513a0c25b327a909d8cd841b219c80d
lr_wus_power_45,IM,1-1,2001,10.15275,32488.8,1,1,1,1,1.0,1.0,176.445692,[176.445692],d997b4c70fc1472c08b7428ee30e5f2f78597736a5ebb12049c0e467b9cc6b25
lr_wus_power_45,IM,1-1,2002,16.03915625,51325.3,4,4,3,4,1.0,0.75,183.7598195,"[84.152378,219.891404,126.097326,304.89817]",682540789ad332b510e9d8af3c13dab2bb300bba717b88e94a40b1678b0d5283
lr_wus_power_45,IM,1-1,2003,7.253125,23210.0,0,0,0,0,,,,[],e6f95ce79049befdd15ce22dd43058e9dcdd655341f79c8ebff1ddbb8b7264b2
lr_wus_power_45,IM,1-1,2004,13.052375,41767.6,2,2,2,2,1.0,1.0,109.443659,"[29.008126,189.879192]",130fc38a45419d6c343e433a8abf333e6b2f5c7454daf9b25e1a4a5eaf63c279
lr_wus_power_45,IM,1-1,2005,10.15275,32488.8,1,1,1,1,1.0,1.0,171.176993,[171.176993],e6dd3705e6c97b24044382a0af0675e271c6b1cac6a4afd4d99a5299c0b96c2b
lr_wus_power_45,IM,1-1,2006,15.973381685500001,51114.8213936,3,3,2,3,1.0,0.6666666666666666,171.98249833333333,"[301.896105,1.0,213.05139]",500975355d4181d0da2cd9efd0605af41b7120f219aad09a6278a826507444a6
lr_wus_power_45,IM,1-1,2007,13.052375,41767.6,1,1,1,1,1.0,1.0,264.39969,[264.39969],5640d4fd1e7c8849a8b63bee85060b5c5b14e539489637a8ede99c084f1ff6ea
lr_wus_power_45,IM,1-1,2008,10.3013420173125,32964.2944554,3,3,2,2,1.0,1.0,28.11765766666667,"[64.739737,1.0,18.613236]",29107059cc7d7929ac572e9b29715d318318e8bf69af800b83ec6ef119905091
lr_wus_power_45,IM,1-5,2001,9.833854233781244,31468.33354809998,1,1,1,1,1.0,1.0,11.517121,[11.517121],d997b4c70fc1472c08b7428ee30e5f2f78597736a5ebb12049c0e467b9cc6b25
lr_wus_power_45,IM,1-5,2002,11.089669322124994,35486.94183079998,4,4,4,4,1.0,1.0,11.52529675,"[1.0,14.962833,15.168755,14.969599]",682540789ad332b510e9d8af3c13dab2bb300bba717b88e94a40b1678b0d5283
lr_wus_power_45,IM,1-5,2003,7.966573020906244,25493.03366689998,0,0,0,0,,,,[],e6f95ce79049befdd15ce22dd43058e9dcdd655341f79c8ebff1ddbb8b7264b2
lr_wus_power_45,IM,1-5,2004,9.699990380874995,31039.969218799983,2,2,2,2,1.0,1.0,14.515087999999999,"[14.079555,14.950621]",130fc38a45419d6c343e433a8abf333e6b2f5c7454daf9b25e1a4a5eaf63c279
lr_wus_power_45,IM,1-5,2005,9.299648899406245,29758.876478099985,1,1,1,1,1.0,1.0,11.248422,[11.248422],e6dd3705e6c97b24044382a0af0675e271c6b1cac6a4afd4d99a5299c0b96c2b
lr_wus_power_45,IM,1-5,2006,10.883539480062495,34827.326336199985,3,3,3,3,1.0,1.0,13.489986,"[11.967534,15.379605,13.122819]",500975355d4181d0da2cd9efd0605af41b7120f219aad09a6278a826507444a6
lr_wus_power_45,IM,1-5,2007,7.756209178124993,24819.86936999998,1,1,1,1,1.0,1.0,14.471119,[14.471119],5640d4fd1e7c8849a8b63bee85060b5c5b14e539489637a8ede99c084f1ff6ea
lr_wus_power_45,IM,1-5,2008,10.507235921062495,33623.154947399984,3,3,2,2,1.0,1.0,13.927224666666667,"[14.811166,13.285843,13.684665]",29107059cc7d7929ac572e9b29715d318318e8bf69af800b83ec6ef119905091
lr_wus_power_45,IM,1-6,2001,6.384651106249996,20430.883539999988,1,1,1,1,1.0,1.0,11.517121,[11.517121],d997b4c70fc1472c08b7428ee30e5f2f78597736a5ebb12049c0e467b9cc6b25
lr_wus_power_45,IM,1-6,2002,7.4036492195937464,23691.67750269999,4,4,4,4,1.0,1.0,11.52529675,"[1.0,14.962833,15.168755,14.969599]",682540789ad332b510e9d8af3c13dab2bb300bba717b88e94a40b1678b0d5283
lr_wus_power_45,IM,1-6,2003,4.089713648437495,13087.083674999985,0,0,0,0,,,,[],e6f95ce79049befdd15ce22dd43058e9dcdd655341f79c8ebff1ddbb8b7264b2
lr_wus_power_45,IM,1-6,2004,6.376302885937496,20404.169234999987,2,2,2,2,1.0,1.0,14.515087999999999,"[14.079555,14.950621]",130fc38a45419d6c343e433a8abf333e6b2f5c7454daf9b25e1a4a5eaf63c279
lr_wus_power_45,IM,1-6,2005,5.619878796874996,17983.612149999986,1,1,1,1,1.0,1.0,11.248422,[11.248422],e6dd3705e6c97b24044382a0af0675e271c6b1cac6a4afd4d99a5299c0b96c2b
lr_wus_power_45,IM,1-6,2006,7.132726974999996,22824.726319999987,3,3,3,3,1.0,1.0,13.489986,"[11.967534,15.379605,13.122819]",500975355d4181d0da2cd9efd0605af41b7120f219aad09a6278a826507444a6
lr_wus_power_45,IM,1-6,2007,4.072396678124996,13031.669369999985,1,1,1,1,1.0,1.0,14.471119,[14.471119],5640d4fd1e7c8849a8b63bee85060b5c5b14e539489637a8ede99c084f1ff6ea
lr_wus_power_45,IM,1-6,2008,6.722782783406246,21512.90490689999,3,3,2,2,1.0,1.0,13.927224666666667,"[14.811166,13.285843,13.684665]",29107059cc7d7929ac572e9b29715d318318e8bf69af800b83ec6ef119905091
independent_wake_delay_3ms,FTP3,1-1,2001,24.824375,15887.6,1,1,0,1,1.0,0.0,133.673313,[133.673313],aa7cc335e827996c11bc094b10023d7647b9b8f767fd5483e93841b61abffb75
independent_wake_delay_3ms,FTP3,1-1,2002,9.107499999999998,5828.799999999999,0,0,0,0,,,,[],0536fbf5e538aebed8259f3c10d2b3fe8927f6ed2563d91cd485f36110f4c109
independent_wake_delay_3ms,FTP3,1-1,2003,59.056875000000005,37796.4,4,4,4,4,1.0,1.0,24.02428375,"[44.102878,15.851896,10.460978,25.681383]",de8ab75d1554fd6b70a3d40ffa34abefffbd5d9579c30446a003bb7c5dfdd569
independent_wake_delay_3ms,FTP3,1-1,2004,24.2775,15537.6,2,2,1,1,1.0,1.0,32.940101,"[57.383455,8.496747]",4c013c479aef16180842a66c8f863af584449cb5f9a6717f6f520e64abdefce9
independent_wake_delay_3ms,FTP3,1-1,2005,38.24921273453125,24479.4961501,3,3,1,2,1.0,0.5,57.73939566666667,"[5.0,123.283674,44.934513]",38d8ccb906bac691f69971ceefa942f6527ecc6ebdec2450d6401dbd8a85862d
independent_wake_delay_3ms,FTP3,1-1,2006,28.055018363906253,17955.211752900002,3,3,1,3,1.0,0.3333333333333333,104.54091366666667,"[5.0,153.517806,155.104935]",27405965b0d178054267957af0f9516768c64f0edd70527d692470e0133e1c10
independent_wake_delay_3ms,FTP3,1-1,2007,52.007769625,33284.97256,4,4,3,4,1.0,0.75,39.411598749999996,"[13.986099,133.660296,5.0,5.0]",ee04a76550ca6d843f7c59d0fb38e144144030ebb43a1d53d991dae3a1772f10
independent_wake_delay_3ms,FTP3,1-1,2008,29.494687500000005,18876.600000000002,6,6,0,3,1.0,0.0,98.840516,"[139.373974,137.721441,112.761324,81.613247,78.955588,42.617522]",45c1d238c9fab5a637dd04b45080ee199513a0c25b327a909d8cd841b219c80d
independent_wake_delay_3ms,FTP3,1-5,2001,11.04759053125,7070.45794,1,1,1,1,1.0,1.0,11.744742,[11.744742],aa7cc335e827996c11bc094b10023d7647b9b8f767fd5483e93841b61abffb75
independent_wake_delay_3ms,FTP3,1-5,2002,8.61639626859375,5514.493611899999,0,0,0,0,,,,[],0536fbf5e538aebed8259f3c10d2b3fe8927f6ed2563d91cd485f36110f4c109
independent_wake_delay_3ms,FTP3,1-5,2003,19.48382962015625,12469.650956899999,4,4,4,4,1.0,1.0,8.71261125,"[12.174307,8.923325,5.000001,8.752812]",de8ab75d1554fd6b70a3d40ffa34abefffbd5d9579c30446a003bb7c5dfdd569
independent_wake_delay_3ms,FTP3,1-5,2004,14.73925342484375,9433.1221919,2,2,1,1,1.0,1.0,11.01153,"[10.454884,11.568176]",4c013c479aef16180842a66c8f863af584449cb5f9a6717f6f520e64abdefce9
independent_wake_delay_3ms,FTP3,1-5,2005,18.60362842484375,11906.322191899999,3,3,2,2,1.0,1.0,11.039688333333332,"[8.75802,11.355103,13.005942]",38d8ccb906bac691f69971ceefa942f6527ecc6ebdec2450d6401dbd8a85862d
independent_wake_delay_3ms,FTP3,1-5,2006,14.715760189374999,9418.086521199999,3,3,3,3,1.0,1.0,12.347389,"[12.276568,11.589235,13.176364]",27405965b0d178054267957af0f9516768c64f0edd70527d692470e0133e1c10
independent_wake_delay_3ms,FTP3,1-5,2007,19.767032445312502,12650.900765,4,4,4,4,1.0,1.0,11.282223,"[12.057528,11.731725,10.825367,10.514272]",ee04a76550ca6d843f7c59d0fb38e144144030ebb43a1d53d991dae3a1772f10
independent_wake_delay_3ms,FTP3,1-5,2008,27.56286945609375,17640.2364519,6,6,3,3,1.0,1.0,10.245278333333333,"[12.445403,10.79287,10.832753,9.684676,7.027017,10.688951]",45c1d238c9fab5a637dd04b45080ee199513a0c25b327a909d8cd841b219c80d
independent_wake_delay_3ms,FTP3,1-6,2001,7.16134053125,4583.2579399999995,1,1,1,1,1.0,1.0,11.744742,[11.744742],aa7cc335e827996c11bc094b10023d7647b9b8f767fd5483e93841b61abffb75
independent_wake_delay_3ms,FTP3,1-6,2002,5.59884053125,3583.2579399999995,0,0,0,0,,,,[],0536fbf5e538aebed8259f3c10d2b3fe8927f6ed2563d91cd485f36110f4c109
independent_wake_delay_3ms,FTP3,1-6,2003,16.9554702578125,10851.500965,4,4,4,4,1.0,1.0,8.71261125,"[12.174307,8.923325,5.000001,8.752812]",de8ab75d1554fd6b70a3d40ffa34abefffbd5d9579c30446a003bb7c5dfdd569
independent_wake_delay_3ms,FTP3,1-6,2004,10.9885503125,7032.6722,2,2,1,1,1.0,1.0,11.01153,"[10.454884,11.568176]",4c013c479aef16180842a66c8f863af584449cb5f9a6717f6f520e64abdefce9
independent_wake_delay_3ms,FTP3,1-6,2005,14.158394062499998,9061.372199999998,3,3,2,2,1.0,1.0,11.039688333333332,"[8.75802,11.355103,13.005942]",38d8ccb906bac691f69971ceefa942f6527ecc6ebdec2450d6401dbd8a85862d
independent_wake_delay_3ms,FTP3,1-6,2006,11.5209164140625,7373.3865049999995,3,3,3,3,1.0,1.0,12.347389,"[12.276568,11.589235,13.176364]",27405965b0d178054267957af0f9516768c64f0edd70527d692470e0133e1c10
independent_wake_delay_3ms,FTP3,1-6,2007,16.9554699453125,10851.500765,4,4,4,4,1.0,1.0,11.282223,"[12.057528,11.731725,10.825367,10.514272]",ee04a76550ca6d843f7c59d0fb38e144144030ebb43a1d53d991dae3a1772f10
independent_wake_delay_3ms,FTP3,1-6,2008,23.26529134375,14889.78646,6,6,3,3,1.0,1.0,10.245278333333333,"[12.445403,10.79287,10.832753,9.684676,7.027017,10.688951]",45c1d238c9fab5a637dd04b45080ee199513a0c25b327a909d8cd841b219c80d
independent_wake_delay_3ms,IM,1-1,2001,10.15275,32488.8,1,1,1,1,1.0,1.0,176.445692,[176.445692],d997b4c70fc1472c08b7428ee30e5f2f78597736a5ebb12049c0e467b9cc6b25
independent_wake_delay_3ms,IM,1-1,2002,16.03915625,51325.3,4,4,3,4,1.0,0.75,183.7598195,"[84.152378,219.891404,126.097326,304.89817]",682540789ad332b510e9d8af3c13dab2bb300bba717b88e94a40b1678b0d5283
independent_wake_delay_3ms,IM,1-1,2003,7.253125,23210.0,0,0,0,0,,,,[],e6f95ce79049befdd15ce22dd43058e9dcdd655341f79c8ebff1ddbb8b7264b2
independent_wake_delay_3ms,IM,1-1,2004,13.052375,41767.6,2,2,2,2,1.0,1.0,109.443659,"[29.008126,189.879192]",130fc38a45419d6c343e433a8abf333e6b2f5c7454daf9b25e1a4a5eaf63c279
independent_wake_delay_3ms,IM,1-1,2005,10.15275,32488.8,1,1,1,1,1.0,1.0,171.176993,[171.176993],e6dd3705e6c97b24044382a0af0675e271c6b1cac6a4afd4d99a5299c0b96c2b
independent_wake_delay_3ms,IM,1-1,2006,15.973381685500001,51114.8213936,3,3,2,3,1.0,0.6666666666666666,171.98249833333333,"[301.896105,1.0,213.05139]",500975355d4181d0da2cd9efd0605af41b7120f219aad09a6278a826507444a6
independent_wake_delay_3ms,IM,1-1,2007,13.052375,41767.6,1,1,1,1,1.0,1.0,264.39969,[264.39969],5640d4fd1e7c8849a8b63bee85060b5c5b14e539489637a8ede99c084f1ff6ea
independent_wake_delay_3ms,IM,1-1,2008,10.3013420173125,32964.2944554,3,3,2,2,1.0,1.0,28.11765766666667,"[64.739737,1.0,18.613236]",29107059cc7d7929ac572e9b29715d318318e8bf69af800b83ec6ef119905091
independent_wake_delay_3ms,IM,1-5,2001,9.605336056249998,30737.07537999999,1,1,1,1,1.0,1.0,4.517121,[4.517121],d997b4c70fc1472c08b7428ee30e5f2f78597736a5ebb12049c0e467b9cc6b25
independent_wake_delay_3ms,IM,1-5,2002,9.555630707812497,30578.01826499999,4,4,4,4,1.0,1.0,7.8312485,"[7.223807,7.962833,8.168755,7.969599]",682540789ad332b510e9d8af3c13dab2bb300bba717b88e94a40b1678b0d5283
independent_wake_delay_3ms,IM,1-5,2003,7.5490637656249975,24157.004049999992,0,0,0,0,,,,[],e6f95ce79049befdd15ce22dd43058e9dcdd655341f79c8ebff1ddbb8b7264b2
independent_wake_delay_3ms,IM,1-5,2004,9.061713295531247,28997.48254569999,2,2,2,2,1.0,1.0,7.515088,"[7.079555,7.950621]",130fc38a45419d6c343e433a8abf333e6b2f5c7454daf9b25e1a4a5eaf63c279
independent_wake_delay_3ms,IM,1-5,2005,8.599440972468749,27518.211111899996,1,1,1,1,1.0,1.0,4.248422,[4.248422],e6dd3705e6c97b24044382a0af0675e271c6b1cac6a4afd4d99a5299c0b96c2b
independent_wake_delay_3ms,IM,1-5,2006,9.399632952906249,30078.825449299995,3,3,3,3,1.0,1.0,6.489985999999999,"[4.967534,8.379605,6.122819]",500975355d4181d0da2cd9efd0605af41b7120f219aad09a6278a826507444a6
independent_wake_delay_3ms,IM,1-5,2007,7.515865099031246,24050.768316899987,1,1,1,1,1.0,1.0,7.471119,[7.471119],5640d4fd1e7c8849a8b63bee85060b5c5b14e539489637a8ede99c084f1ff6ea
independent_wake_delay_3ms,IM,1-5,2008,9.409001252312498,30108.80400739999,3,3,2,2,1.0,1.0,6.927224666666667,"[7.811166,6.285843,6.684665]",29107059cc7d7929ac572e9b29715d318318e8bf69af800b83ec6ef119905091
independent_wake_delay_3ms,IM,1-6,2001,6.001077134374999,19203.446829999997,1,1,1,1,1.0,1.0,4.517121,[4.517121],d997b4c70fc1472c08b7428ee30e5f2f78597736a5ebb12049c0e467b9cc6b25
independent_wake_delay_3ms,IM,1-6,2002,5.843119560343749,18697.982593099998,4,4,4,4,1.0,1.0,7.8312485,"[7.223807,7.962833,8.168755,7.969599]",682540789ad332b510e9d8af3c13dab2bb300bba717b88e94a40b1678b0d5283
independent_wake_delay_3ms,IM,1-6,2003,3.662813765624999,11721.004049999996,0,0,0,0,,,,[],e6f95ce79049befdd15ce22dd43058e9dcdd655341f79c8ebff1ddbb8b7264b2
independent_wake_delay_3ms,IM,1-6,2004,5.3366351781249985,17077.232569999996,2,2,2,2,1.0,1.0,7.515088,"[7.079555,7.950621]",130fc38a45419d6c343e433a8abf333e6b2f5c7454daf9b25e1a4a5eaf63c279
independent_wake_delay_3ms,IM,1-6,2005,4.886929824999998,15638.175439999995,1,1,1,1,1.0,1.0,4.248422,[4.248422],e6dd3705e6c97b24044382a0af0675e271c6b1cac6a4afd4d99a5299c0b96c2b
independent_wake_delay_3ms,IM,1-6,2006,5.78634053125,18516.289699999998,3,3,3,3,1.0,1.0,6.489985999999999,"[4.967534,8.379605,6.122819]",500975355d4181d0da2cd9efd0605af41b7120f219aad09a6278a826507444a6
independent_wake_delay_3ms,IM,1-6,2007,3.7163450156249986,11892.304049999995,1,1,1,1,1.0,1.0,7.471119,[7.471119],5640d4fd1e7c8849a8b63bee85060b5c5b14e539489637a8ede99c084f1ff6ea
independent_wake_delay_3ms,IM,1-6,2008,5.777371781249999,18487.589699999997,3,3,2,2,1.0,1.0,6.927224666666667,"[7.811166,6.285843,6.684665]",29107059cc7d7929ac572e9b29715d318318e8bf69af800b83ec6ef119905091
measurement_offset_80ms,FTP3,1-1,2001,27.9234375,17871.0,1,1,0,1,1.0,0.0,133.673313,[133.673313],aa7cc335e827996c11bc094b10023d7647b9b8f767fd5483e93841b61abffb75
measurement_offset_80ms,FTP3,1-1,2002,13.15625,8420.0,0,0,0,0,,,,[],0536fbf5e538aebed8259f3c10d2b3fe8927f6ed2563d91cd485f36110f4c109
measurement_offset_80ms,FTP3,1-1,2003,60.256562499999994,38564.2,4,4,4,4,1.0,1.0,24.02428375,"[44.102878,15.851896,10.460978,25.681383]",de8ab75d1554fd6b70a3d40ffa34abefffbd5d9579c30446a003bb7c5dfdd569
measurement_offset_80ms,FTP3,1-1,2004,27.3765625,17521.0,2,2,1,1,1.0,1.0,32.940101,"[57.383455,8.496747]",4c013c479aef16180842a66c8f863af584449cb5f9a6717f6f520e64abdefce9
measurement_offset_80ms,FTP3,1-1,2005,41.34827523453124,26462.896150099998,3,3,1,2,1.0,0.5,57.73939566666667,"[5.0,123.283674,44.934513]",38d8ccb906bac691f69971ceefa942f6527ecc6ebdec2450d6401dbd8a85862d
measurement_offset_80ms,FTP3,1-1,2006,31.154080863906252,19938.6117529,3,3,1,3,1.0,0.3333333333333333,104.54091366666667,"[5.0,153.517806,155.104935]",27405965b0d178054267957af0f9516768c64f0edd70527d692470e0133e1c10
measurement_offset_80ms,FTP3,1-1,2007,54.157144625,34660.57256,4,4,3,4,1.0,0.75,39.411598749999996,"[13.986099,133.660296,5.0,5.0]",ee04a76550ca6d843f7c59d0fb38e144144030ebb43a1d53d991dae3a1772f10
measurement_offset_80ms,FTP3,1-1,2008,32.59375,20860.0,6,6,0,3,1.0,0.0,98.840516,"[139.373974,137.721441,112.761324,81.613247,78.955588,42.617522]",45c1d238c9fab5a637dd04b45080ee199513a0c25b327a909d8cd841b219c80d
measurement_offset_80ms,FTP3,1-5,2001,12.54594989359375,8029.4079319,1,1,1,1,1.0,1.0,18.744742,[18.744742],aa7cc335e827996c11bc094b10023d7647b9b8f767fd5483e93841b61abffb75
measurement_offset_80ms,FTP3,1-5,2002,8.91760168265625,5707.265076899999,0,0,0,0,,,,[],0536fbf5e538aebed8259f3c10d2b3fe8927f6ed2563d91cd485f36110f4c109
measurement_offset_80ms,FTP3,1-5,2003,24.239733328125,15513.429329999999,4,4,4,4,1.0,1.0,15.34571275,"[19.174307,15.923325,10.532407,15.752812]",de8ab75d1554fd6b70a3d40ffa34abefffbd5d9579c30446a003bb7c5dfdd569
measurement_offset_80ms,FTP3,1-5,2004,14.5306039140625,9299.586505,2,2,1,1,1.0,1.0,18.01153,"[17.454884,18.568176]",4c013c479aef16180842a66c8f863af584449cb5f9a6717f6f520e64abdefce9
measurement_offset_80ms,FTP3,1-5,2005,21.320615090781253,13645.1936581,3,3,2,2,1.0,1.0,18.039688333333334,"[15.75802,18.355103,20.005942]",38d8ccb906bac691f69971ceefa942f6527ecc6ebdec2450d6401dbd8a85862d
measurement_offset_80ms,FTP3,1-5,2006,17.259867296875,11046.31507,3,3,3,3,1.0,1.0,19.347389,"[19.276568,18.589235,20.176364]",27405965b0d178054267957af0f9516768c64f0edd70527d692470e0133e1c10
measurement_offset_80ms,FTP3,1-5,2007,23.621943107499998,15118.0435888,4,4,4,4,1.0,1.0,18.282223000000002,"[19.057528,18.731725,17.825367,17.514272]",ee04a76550ca6d843f7c59d0fb38e144144030ebb43a1d53d991dae3a1772f10
measurement_offset_80ms,FTP3,1-5,2008,29.106474312499994,18628.143559999997,6,6,3,3,1.0,1.0,17.245278333333335,"[19.445403,17.79287,17.832753,16.684676,14.027017,17.688951]",45c1d238c9fab5a637dd04b45080ee199513a0c25b327a909d8cd841b219c80d
measurement_offset_80ms,FTP3,1-6,2001,8.70665303125,5572.2579399999995,1,1,1,1,1.0,1.0,18.744742,[18.744742],aa7cc335e827996c11bc094b10023d7647b9b8f767fd5483e93841b61abffb75
measurement_offset_80ms,FTP3,1-6,2002,5.602188765625,3585.40081,0,0,0,0,,,,[],0536fbf5e538aebed8259f3c10d2b3fe8927f6ed2563d91cd485f36110f4c109
measurement_offset_80ms,FTP3,1-6,2003,20.353483328124998,13026.229329999998,4,4,4,4,1.0,1.0,15.34571275,"[19.174307,15.923325,10.532407,15.752812]",de8ab75d1554fd6b70a3d40ffa34abefffbd5d9579c30446a003bb7c5dfdd569
measurement_offset_80ms,FTP3,1-6,2004,10.6443539140625,6812.3865049999995,2,2,1,1,1.0,1.0,18.01153,"[17.454884,18.568176]",4c013c479aef16180842a66c8f863af584449cb5f9a6717f6f520e64abdefce9
measurement_offset_80ms,FTP3,1-6,2005,18.790983328124998,12026.229329999998,3,3,2,2,1.0,1.0,18.039688333333334,"[15.75802,18.355103,20.005942]",38d8ccb906bac691f69971ceefa942f6527ecc6ebdec2450d6401dbd8a85862d
measurement_offset_80ms,FTP3,1-6,2006,13.373617296875,8559.11507,3,3,3,3,1.0,1.0,19.347389,"[19.276568,18.589235,20.176364]",27405965b0d178054267957af0f9516768c64f0edd70527d692470e0133e1c10
measurement_offset_80ms,FTP3,1-6,2007,20.353483328124998,13026.229329999998,4,4,4,4,1.0,1.0,18.282223000000002,"[19.057528,18.731725,17.825367,17.514272]",ee04a76550ca6d843f7c59d0fb38e144144030ebb43a1d53d991dae3a1772f10
measurement_offset_80ms,FTP3,1-6,2008,26.395503331093757,16893.122131900003,6,6,3,3,1.0,1.0,17.245278333333335,"[19.445403,17.79287,17.832753,16.684676,14.027017,17.688951]",45c1d238c9fab5a637dd04b45080ee199513a0c25b327a909d8cd841b219c80d
measurement_offset_80ms,IM,1-1,2001,11.980937499999998,38338.99999999999,1,1,1,1,1.0,1.0,176.445692,[176.445692],d997b4c70fc1472c08b7428ee30e5f2f78597736a5ebb12049c0e467b9cc6b25
measurement_offset_80ms,IM,1-1,2002,17.481218750000004,55939.90000000001,4,4,3,4,1.0,0.75,183.7598195,"[84.152378,219.891404,126.097326,304.89817]",682540789ad332b510e9d8af3c13dab2bb300bba717b88e94a40b1678b0d5283
measurement_offset_80ms,IM,1-1,2003,9.277499999999998,29687.999999999996,0,0,0,0,,,,[],e6f95ce79049befdd15ce22dd43058e9dcdd655341f79c8ebff1ddbb8b7264b2
measurement_offset_80ms,IM,1-1,2004,14.684375,46990.0,2,2,2,2,1.0,1.0,109.443659,"[29.008126,189.879192]",130fc38a45419d6c343e433a8abf333e6b2f5c7454daf9b25e1a4a5eaf63c279
measurement_offset_80ms,IM,1-1,2005,11.9809375,38339.0,1,1,1,1,1.0,1.0,171.176993,[171.176993],e6dd3705e6c97b24044382a0af0675e271c6b1cac6a4afd4d99a5299c0b96c2b
measurement_offset_80ms,IM,1-1,2006,17.4091941855,55709.4213936,3,3,2,3,1.0,0.6666666666666666,171.98249833333333,"[301.896105,1.0,213.05139]",500975355d4181d0da2cd9efd0605af41b7120f219aad09a6278a826507444a6
measurement_offset_80ms,IM,1-1,2007,14.684375,46990.0,1,1,1,1,1.0,1.0,264.39969,[264.39969],5640d4fd1e7c8849a8b63bee85060b5c5b14e539489637a8ede99c084f1ff6ea
measurement_offset_80ms,IM,1-1,2008,12.129529517312498,38814.494455399996,3,3,2,2,1.0,1.0,28.11765766666667,"[64.739737,1.0,18.613236]",29107059cc7d7929ac572e9b29715d318318e8bf69af800b83ec6ef119905091
measurement_offset_80ms,IM,1-5,2001,9.445487868749996,30225.56117999999,1,1,1,1,1.0,1.0,11.517121,[11.517121],d997b4c70fc1472c08b7428ee30e5f2f78597736a5ebb12049c0e467b9cc6b25
measurement_offset_80ms,IM,1-5,2002,10.398948068999996,33276.63382079999,4,4,4,4,1.0,1.0,11.52529675,"[1.0,14.962833,15.168755,14.969599]",682540789ad332b510e9d8af3c13dab2bb300bba717b88e94a40b1678b0d5283
measurement_offset_80ms,IM,1-5,2003,7.249811549406247,23199.39695809999,0,0,0,0,,,,[],e6f95ce79049befdd15ce22dd43058e9dcdd655341f79c8ebff1ddbb8b7264b2
measurement_offset_80ms,IM,1-5,2004,9.680356172843746,30977.139753099986,2,2,2,2,1.0,1.0,14.515087999999999,"[14.079555,14.950621]",130fc38a45419d6c343e433a8abf333e6b2f5c7454daf9b25e1a4a5eaf63c279
measurement_offset_80ms,IM,1-5,2005,8.800896368156247,28162.86837809999,1,1,1,1,1.0,1.0,11.248422,[11.248422],e6dd3705e6c97b24044382a0af0675e271c6b1cac6a4afd4d99a5299c0b96c2b
measurement_offset_80ms,IM,1-5,2006,10.127789197468749,32408.925431899996,3,3,3,3,1.0,1.0,13.489986,"[11.967534,15.379605,13.122819]",500975355d4181d0da2cd9efd0605af41b7120f219aad09a6278a826507444a6
measurement_offset_80ms,IM,1-5,2007,7.322262431843747,23431.23978189999,1,1,1,1,1.0,1.0,14.471119,[14.471119],5640d4fd1e7c8849a8b63bee85060b5c5b14e539489637a8ede99c084f1ff6ea
measurement_offset_80ms,IM,1-5,2008,10.051753481843749,32165.611141899994,3,3,2,2,1.0,1.0,13.927224666666667,"[14.811166,13.285843,13.684665]",29107059cc7d7929ac572e9b29715d318318e8bf69af800b83ec6ef119905091
measurement_offset_80ms,IM,1-6,2001,5.964112868749998,19085.161179999996,1,1,1,1,1.0,1.0,11.517121,[11.517121],d997b4c70fc1472c08b7428ee30e5f2f78597736a5ebb12049c0e467b9cc6b25
measurement_offset_80ms,IM,1-6,2002,6.98645921646875,22356.6694927,4,4,4,4,1.0,1.0,11.52529675,"[1.0,14.962833,15.168755,14.969599]",682540789ad332b510e9d8af3c13dab2bb300bba717b88e94a40b1678b0d5283
measurement_offset_80ms,IM,1-6,2003,3.6644878828124985,11726.361224999995,0,0,0,0,,,,[],e6f95ce79049befdd15ce22dd43058e9dcdd655341f79c8ebff1ddbb8b7264b2
measurement_offset_80ms,IM,1-6,2004,5.956434295312498,19060.589744999994,2,2,2,2,1.0,1.0,14.515087999999999,"[14.079555,14.950621]",130fc38a45419d6c343e433a8abf333e6b2f5c7454daf9b25e1a4a5eaf63c279
measurement_offset_80ms,IM,1-6,2005,5.198001265624998,16633.604049999994,1,1,1,1,1.0,1.0,11.248422,[11.248422],e6dd3705e6c97b24044382a0af0675e271c6b1cac6a4afd4d99a5299c0b96c2b
measurement_offset_80ms,IM,1-6,2006,6.714867324999999,21487.575439999997,3,3,3,3,1.0,1.0,13.489986,"[11.967534,15.379605,13.122819]",500975355d4181d0da2cd9efd0605af41b7120f219aad09a6278a826507444a6
measurement_offset_80ms,IM,1-6,2007,3.6478405593749983,11673.089789999995,1,1,1,1,1.0,1.0,14.471119,[14.471119],5640d4fd1e7c8849a8b63bee85060b5c5b14e539489637a8ede99c084f1ff6ea
measurement_offset_80ms,IM,1-6,2008,6.30291419278125,20169.3254169,3,3,2,2,1.0,1.0,13.927224666666667,"[14.811166,13.285843,13.684665]",29107059cc7d7929ac572e9b29715d318318e8bf69af800b83ec6ef119905091
wus_offset_2p5ms,FTP3,1-1,2001,24.824375,15887.6,1,1,0,1,1.0,0.0,133.673313,[133.673313],aa7cc335e827996c11bc094b10023d7647b9b8f767fd5483e93841b61abffb75
wus_offset_2p5ms,FTP3,1-1,2002,9.107499999999998,5828.799999999999,0,0,0,0,,,,[],0536fbf5e538aebed8259f3c10d2b3fe8927f6ed2563d91cd485f36110f4c109
wus_offset_2p5ms,FTP3,1-1,2003,59.056875000000005,37796.4,4,4,4,4,1.0,1.0,24.02428375,"[44.102878,15.851896,10.460978,25.681383]",de8ab75d1554fd6b70a3d40ffa34abefffbd5d9579c30446a003bb7c5dfdd569
wus_offset_2p5ms,FTP3,1-1,2004,24.2775,15537.6,2,2,1,1,1.0,1.0,32.940101,"[57.383455,8.496747]",4c013c479aef16180842a66c8f863af584449cb5f9a6717f6f520e64abdefce9
wus_offset_2p5ms,FTP3,1-1,2005,38.24921273453125,24479.4961501,3,3,1,2,1.0,0.5,57.73939566666667,"[5.0,123.283674,44.934513]",38d8ccb906bac691f69971ceefa942f6527ecc6ebdec2450d6401dbd8a85862d
wus_offset_2p5ms,FTP3,1-1,2006,28.055018363906253,17955.211752900002,3,3,1,3,1.0,0.3333333333333333,104.54091366666667,"[5.0,153.517806,155.104935]",27405965b0d178054267957af0f9516768c64f0edd70527d692470e0133e1c10
wus_offset_2p5ms,FTP3,1-1,2007,52.007769625,33284.97256,4,4,3,4,1.0,0.75,39.411598749999996,"[13.986099,133.660296,5.0,5.0]",ee04a76550ca6d843f7c59d0fb38e144144030ebb43a1d53d991dae3a1772f10
wus_offset_2p5ms,FTP3,1-1,2008,29.494687500000005,18876.600000000002,6,6,0,3,1.0,0.0,98.840516,"[139.373974,137.721441,112.761324,81.613247,78.955588,42.617522]",45c1d238c9fab5a637dd04b45080ee199513a0c25b327a909d8cd841b219c80d
wus_offset_2p5ms,FTP3,1-5,2001,12.59290303125,8059.45794,1,1,1,1,1.0,1.0,16.244742,[16.244742],aa7cc335e827996c11bc094b10023d7647b9b8f767fd5483e93841b61abffb75
wus_offset_2p5ms,FTP3,1-5,2002,8.82451022359375,5647.6865431,0,0,0,0,,,,[],0536fbf5e538aebed8259f3c10d2b3fe8927f6ed2563d91cd485f36110f4c109
wus_offset_2p5ms,FTP3,1-5,2003,22.295179773437503,14268.915055000001,4,4,4,4,1.0,1.0,16.595712749999997,"[16.674307,18.423325,13.032407,18.252812]",de8ab75d1554fd6b70a3d40ffa34abefffbd5d9579c30446a003bb7c5dfdd569
wus_offset_2p5ms,FTP3,1-5,2004,14.55747890140625,9316.7864969,2,2,1,1,1.0,1.0,18.01153,"[19.954884,16.068176]",4c013c479aef16180842a66c8f863af584449cb5f9a6717f6f520e64abdefce9
wus_offset_2p5ms,FTP3,1-5,2005,22.98100562015625,14707.8435969,3,3,2,2,1.0,1.0,17.206355,"[18.25802,15.855103,17.505942]",38d8ccb906bac691f69971ceefa942f6527ecc6ebdec2450d6401dbd8a85862d
wus_offset_2p5ms,FTP3,1-5,2006,16.556742296875,10596.31507,3,3,3,3,1.0,1.0,16.847389,"[16.776568,16.089235,17.676364]",27405965b0d178054267957af0f9516768c64f0edd70527d692470e0133e1c10
wus_offset_2p5ms,FTP3,1-5,2007,23.53096103609375,15059.815063099999,4,4,4,4,1.0,1.0,15.782223,"[16.557528,16.231725,15.325367,15.014272]",ee04a76550ca6d843f7c59d0fb38e144144030ebb43a1d53d991dae3a1772f10
wus_offset_2p5ms,FTP3,1-5,2008,30.71125108890625,19655.2006969,6,6,3,3,1.0,1.0,16.411945,"[16.945403,15.29287,15.332753,19.184676,16.527017,15.188951]",45c1d238c9fab5a637dd04b45080ee199513a0c25b327a909d8cd841b219c80d
wus_offset_2p5ms,FTP3,1-6,2001,8.70665303125,5572.2579399999995,1,1,1,1,1.0,1.0,16.244742,[16.244742],aa7cc335e827996c11bc094b10023d7647b9b8f767fd5483e93841b61abffb75
wus_offset_2p5ms,FTP3,1-6,2002,5.602188765625,3585.40081,0,0,0,0,,,,[],0536fbf5e538aebed8259f3c10d2b3fe8927f6ed2563d91cd485f36110f4c109
wus_offset_2p5ms,FTP3,1-6,2003,20.353483328124998,13026.229329999998,4,4,4,4,1.0,1.0,16.595712749999997,"[16.674307,18.423325,13.032407,18.252812]",de8ab75d1554fd6b70a3d40ffa34abefffbd5d9579c30446a003bb7c5dfdd569
wus_offset_2p5ms,FTP3,1-6,2004,10.6443539140625,6812.3865049999995,2,2,1,1,1.0,1.0,18.01153,"[19.954884,16.068176]",4c013c479aef16180842a66c8f863af584449cb5f9a6717f6f520e64abdefce9
wus_offset_2p5ms,FTP3,1-6,2005,18.790983328124998,12026.229329999998,3,3,2,2,1.0,1.0,17.206355,"[18.25802,15.855103,17.505942]",38d8ccb906bac691f69971ceefa942f6527ecc6ebdec2450d6401dbd8a85862d
wus_offset_2p5ms,FTP3,1-6,2006,13.46192093453125,8615.6293981,3,3,3,3,1.0,1.0,16.847389,"[16.776568,16.089235,17.676364]",27405965b0d178054267957af0f9516768c64f0edd70527d692470e0133e1c10
wus_offset_2p5ms,FTP3,1-6,2007,20.308639578124996,12997.529329999998,4,4,4,4,1.0,1.0,15.782223,"[16.557528,16.231725,15.325367,15.014272]",ee04a76550ca6d843f7c59d0fb38e144144030ebb43a1d53d991dae3a1772f10
wus_offset_2p5ms,FTP3,1-6,2008,26.825001088906255,17168.000696900002,6,6,3,3,1.0,1.0,16.411945,"[16.945403,15.29287,15.332753,19.184676,16.527017,15.188951]",45c1d238c9fab5a637dd04b45080ee199513a0c25b327a909d8cd841b219c80d
wus_offset_2p5ms,IM,1-1,2001,10.15275,32488.8,1,1,1,1,1.0,1.0,176.445692,[176.445692],d997b4c70fc1472c08b7428ee30e5f2f78597736a5ebb12049c0e467b9cc6b25
wus_offset_2p5ms,IM,1-1,2002,16.03915625,51325.3,4,4,3,4,1.0,0.75,183.7598195,"[84.152378,219.891404,126.097326,304.89817]",682540789ad332b510e9d8af3c13dab2bb300bba717b88e94a40b1678b0d5283
wus_offset_2p5ms,IM,1-1,2003,7.253125,23210.0,0,0,0,0,,,,[],e6f95ce79049befdd15ce22dd43058e9dcdd655341f79c8ebff1ddbb8b7264b2
wus_offset_2p5ms,IM,1-1,2004,13.052375,41767.6,2,2,2,2,1.0,1.0,109.443659,"[29.008126,189.879192]",130fc38a45419d6c343e433a8abf333e6b2f5c7454daf9b25e1a4a5eaf63c279
wus_offset_2p5ms,IM,1-1,2005,10.15275,32488.8,1,1,1,1,1.0,1.0,171.176993,[171.176993],e6dd3705e6c97b24044382a0af0675e271c6b1cac6a4afd4d99a5299c0b96c2b
wus_offset_2p5ms,IM,1-1,2006,15.973381685500001,51114.8213936,3,3,2,3,1.0,0.6666666666666666,171.98249833333333,"[301.896105,1.0,213.05139]",500975355d4181d0da2cd9efd0605af41b7120f219aad09a6278a826507444a6
wus_offset_2p5ms,IM,1-1,2007,13.052375,41767.6,1,1,1,1,1.0,1.0,264.39969,[264.39969],5640d4fd1e7c8849a8b63bee85060b5c5b14e539489637a8ede99c084f1ff6ea
wus_offset_2p5ms,IM,1-1,2008,10.3013420173125,32964.2944554,3,3,2,2,1.0,1.0,28.11765766666667,"[64.739737,1.0,18.613236]",29107059cc7d7929ac572e9b29715d318318e8bf69af800b83ec6ef119905091
wus_offset_2p5ms,IM,1-5,2001,9.428081621281246,30169.86118809999,1,1,1,1,1.0,1.0,14.017121,[14.017121],d997b4c70fc1472c08b7428ee30e5f2f78597736a5ebb12049c0e467b9cc6b25
wus_offset_2p5ms,IM,1-5,2002,10.668032880531246,34137.705217699986,4,4,4,4,1.0,1.0,9.65029675,"[1.0,12.462833,12.668755,12.469599]",682540789ad332b510e9d8af3c13dab2bb300bba717b88e94a40b1678b0d5283
wus_offset_2p5ms,IM,1-5,2003,7.531956627749997,24102.26120879999,0,0,0,0,,,,[],e6f95ce79049befdd15ce22dd43058e9dcdd655341f79c8ebff1ddbb8b7264b2
wus_offset_2p5ms,IM,1-5,2004,9.307644085187496,29784.46107259999,2,2,2,2,1.0,1.0,12.015087999999999,"[11.579555,12.450621]",130fc38a45419d6c343e433a8abf333e6b2f5c7454daf9b25e1a4a5eaf63c279
wus_offset_2p5ms,IM,1-5,2005,8.956840554687497,28661.889774999992,1,1,1,1,1.0,1.0,13.748422,[13.748422],e6dd3705e6c97b24044382a0af0675e271c6b1cac6a4afd4d99a5299c0b96c2b
wus_offset_2p5ms,IM,1-5,2006,10.471054827531248,33507.37544809999,3,3,3,3,1.0,1.0,14.323319333333332,"[14.467534,12.879605,15.622819]",500975355d4181d0da2cd9efd0605af41b7120f219aad09a6278a826507444a6
wus_offset_2p5ms,IM,1-5,2007,7.680693235937497,24578.21835499999,1,1,1,1,1.0,1.0,11.971119,[11.971119],5640d4fd1e7c8849a8b63bee85060b5c5b14e539489637a8ede99c084f1ff6ea
wus_offset_2p5ms,IM,1-5,2008,10.184345001937498,32589.904006199995,3,3,2,2,1.0,1.0,13.093891333333334,"[12.311166,15.785843,11.184665]",29107059cc7d7929ac572e9b29715d318318e8bf69af800b83ec6ef119905091
wus_offset_2p5ms,IM,1-6,2001,5.964112868749998,19085.161179999996,1,1,1,1,1.0,1.0,14.017121,[14.017121],d997b4c70fc1472c08b7428ee30e5f2f78597736a5ebb12049c0e467b9cc6b25
wus_offset_2p5ms,IM,1-6,2002,6.90919359146875,22109.4194927,4,4,4,4,1.0,1.0,9.65029675,"[1.0,12.462833,12.668755,12.469599]",682540789ad332b510e9d8af3c13dab2bb300bba717b88e94a40b1678b0d5283
wus_offset_2p5ms,IM,1-6,2003,3.6644878828124985,11726.361224999995,0,0,0,0,,,,[],e6f95ce79049befdd15ce22dd43058e9dcdd655341f79c8ebff1ddbb8b7264b2
wus_offset_2p5ms,IM,1-6,2004,5.956434295312498,19060.589744999994,2,2,2,2,1.0,1.0,12.015087999999999,"[11.579555,12.450621]",130fc38a45419d6c343e433a8abf333e6b2f5c7454daf9b25e1a4a5eaf63c279
wus_offset_2p5ms,IM,1-6,2005,5.198001265624998,16633.604049999994,1,1,1,1,1.0,1.0,13.748422,[13.748422],e6dd3705e6c97b24044382a0af0675e271c6b1cac6a4afd4d99a5299c0b96c2b
wus_offset_2p5ms,IM,1-6,2006,6.714867324999999,21487.575439999997,3,3,3,3,1.0,1.0,14.323319333333332,"[14.467534,12.879605,15.622819]",500975355d4181d0da2cd9efd0605af41b7120f219aad09a6278a826507444a6
wus_offset_2p5ms,IM,1-6,2007,3.9968807359374976,12790.018354999993,1,1,1,1,1.0,1.0,11.971119,[11.971119],5640d4fd1e7c8849a8b63bee85060b5c5b14e539489637a8ede99c084f1ff6ea
wus_offset_2p5ms,IM,1-6,2008,6.350313744343748,20321.003981899994,3,3,2,2,1.0,1.0,13.093891333333334,"[12.311166,15.785843,11.184665]",29107059cc7d7929ac572e9b29715d318318e8bf69af800b83ec6ef119905091
cdrx_offset_80ms,FTP3,1-1,2001,30.001875000000002,19201.2,1,1,1,1,1.0,1.0,53.673313,[53.673313],aa7cc335e827996c11bc094b10023d7647b9b8f767fd5483e93841b61abffb75
cdrx_offset_80ms,FTP3,1-1,2002,13.15625,8420.0,0,0,0,0,,,,[],0536fbf5e538aebed8259f3c10d2b3fe8927f6ed2563d91cd485f36110f4c109
cdrx_offset_80ms,FTP3,1-1,2003,54.026576993437494,34577.009275799996,4,4,2,4,1.0,0.5,59.946065250000004,"[124.102878,5.0,5.0,105.681383]",de8ab75d1554fd6b70a3d40ffa34abefffbd5d9579c30446a003bb7c5dfdd569
cdrx_offset_80ms,FTP3,1-1,2004,31.238125000000004,19992.4,2,2,0,1,1.0,0.0,112.940101,"[137.383455,88.496747]",4c013c479aef16180842a66c8f863af584449cb5f9a6717f6f520e64abdefce9
cdrx_offset_80ms,FTP3,1-1,2005,44.253125,28322.0,3,3,1,2,1.0,0.5,67.99008833333333,"[155.686591,43.283674,5.0]",38d8ccb906bac691f69971ceefa942f6527ecc6ebdec2450d6401dbd8a85862d
cdrx_offset_80ms,FTP3,1-1,2006,43.13970586390625,27609.4117529,3,3,3,3,1.0,1.0,51.20758033333333,"[5.0,73.517806,75.104935]",27405965b0d178054267957af0f9516768c64f0edd70527d692470e0133e1c10
cdrx_offset_80ms,FTP3,1-1,2007,56.941875,36442.8,4,4,4,4,1.0,1.0,55.710794,"[93.986099,53.660296,37.753938,37.442843]",ee04a76550ca6d843f7c59d0fb38e144144030ebb43a1d53d991dae3a1772f10
cdrx_offset_80ms,FTP3,1-1,2008,48.4075003125,30980.800199999998,6,6,3,3,1.0,1.0,27.476123333333334,"[59.373974,57.721441,32.761324,5.000001,5.0,5.0]",45c1d238c9fab5a637dd04b45080ee199513a0c25b327a909d8cd841b219c80d
cdrx_offset_80ms,FTP3,1-5,2001,12.59290303125,8059.45794,1,1,1,1,1.0,1.0,18.744742,[18.744742],aa7cc335e827996c11bc094b10023d7647b9b8f767fd5483e93841b61abffb75
cdrx_offset_80ms,FTP3,1-5,2002,8.48728927828125,5431.8651381,0,0,0,0,,,,[],0536fbf5e538aebed8259f3c10d2b3fe8927f6ed2563d91cd485f36110f4c109
cdrx_offset_80ms,FTP3,1-5,2003,21.823862859375,13967.27223,4,4,4,4,1.0,1.0,15.34571275,"[19.174307,15.923325,10.532407,15.752812]",de8ab75d1554fd6b70a3d40ffa34abefffbd5d9579c30446a003bb7c5dfdd569
cdrx_offset_80ms,FTP3,1-5,2004,14.5306039140625,9299.586505,2,2,1,1,1.0,1.0,18.01153,"[17.454884,18.568176]",4c013c479aef16180842a66c8f863af584449cb5f9a6717f6f520e64abdefce9
cdrx_offset_80ms,FTP3,1-5,2005,22.80952124515625,14598.0935969,3,3,2,2,1.0,1.0,18.039688333333334,"[15.75802,18.355103,20.005942]",38d8ccb906bac691f69971ceefa942f6527ecc6ebdec2450d6401dbd8a85862d
cdrx_offset_80ms,FTP3,1-5,2006,16.556742296875,10596.31507,3,3,3,3,1.0,1.0,19.347389,"[19.276568,18.589235,20.176364]",27405965b0d178054267957af0f9516768c64f0edd70527d692470e0133e1c10
cdrx_offset_80ms,FTP3,1-5,2007,23.74728916109375,15198.2650631,4,4,4,4,1.0,1.0,18.282223000000002,"[19.057528,18.731725,17.825367,17.514272]",ee04a76550ca6d843f7c59d0fb38e144144030ebb43a1d53d991dae3a1772f10
cdrx_offset_80ms,FTP3,1-5,2008,30.28175333109375,19380.3221319,6,6,3,3,1.0,1.0,17.245278333333335,"[19.445403,17.79287,17.832753,16.684676,14.027017,17.688951]",45c1d238c9fab5a637dd04b45080ee199513a0c25b327a909d8cd841b219c80d
cdrx_offset_80ms,FTP3,1-6,2001,8.70665303125,5572.2579399999995,1,1,1,1,1.0,1.0,18.744742,[18.744742],aa7cc335e827996c11bc094b10023d7647b9b8f767fd5483e93841b61abffb75
cdrx_offset_80ms,FTP3,1-6,2002,5.602188765625,3585.40081,0,0,0,0,,,,[],0536fbf5e538aebed8259f3c10d2b3fe8927f6ed2563d91cd485f36110f4c109
cdrx_offset_80ms,FTP3,1-6,2003,20.353483328124998,13026.229329999998,4,4,4,4,1.0,1.0,15.34571275,"[19.174307,15.923325,10.532407,15.752812]",de8ab75d1554fd6b70a3d40ffa34abefffbd5d9579c30446a003bb7c5dfdd569
cdrx_offset_80ms,FTP3,1-6,2004,10.6443539140625,6812.3865049999995,2,2,1,1,1.0,1.0,18.01153,"[17.454884,18.568176]",4c013c479aef16180842a66c8f863af584449cb5f9a6717f6f520e64abdefce9
cdrx_offset_80ms,FTP3,1-6,2005,18.790983328124998,12026.229329999998,3,3,2,2,1.0,1.0,18.039688333333334,"[15.75802,18.355103,20.005942]",38d8ccb906bac691f69971ceefa942f6527ecc6ebdec2450d6401dbd8a85862d
cdrx_offset_80ms,FTP3,1-6,2006,13.373617296875,8559.11507,3,3,3,3,1.0,1.0,19.347389,"[19.276568,18.589235,20.176364]",27405965b0d178054267957af0f9516768c64f0edd70527d692470e0133e1c10
cdrx_offset_80ms,FTP3,1-6,2007,20.353483328124998,13026.229329999998,4,4,4,4,1.0,1.0,18.282223000000002,"[19.057528,18.731725,17.825367,17.514272]",ee04a76550ca6d843f7c59d0fb38e144144030ebb43a1d53d991dae3a1772f10
cdrx_offset_80ms,FTP3,1-6,2008,26.395503331093757,16893.122131900003,6,6,3,3,1.0,1.0,17.245278333333335,"[19.445403,17.79287,17.832753,16.684676,14.027017,17.688951]",45c1d238c9fab5a637dd04b45080ee199513a0c25b327a909d8cd841b219c80d
cdrx_offset_80ms,IM,1-1,2001,11.9809375,38339.0,1,1,1,1,1.0,1.0,256.445692,[256.445692],d997b4c70fc1472c08b7428ee30e5f2f78597736a5ebb12049c0e467b9cc6b25
cdrx_offset_80ms,IM,1-1,2002,17.481218750000004,55939.90000000001,4,4,4,4,1.0,1.0,183.7598195,"[164.152378,299.891404,206.097326,64.89817]",682540789ad332b510e9d8af3c13dab2bb300bba717b88e94a40b1678b0d5283
cdrx_offset_80ms,IM,1-1,2003,9.277499999999998,29687.999999999996,0,0,0,0,,,,[],e6f95ce79049befdd15ce22dd43058e9dcdd655341f79c8ebff1ddbb8b7264b2
cdrx_offset_80ms,IM,1-1,2004,14.684375,46990.0,2,2,2,2,1.0,1.0,189.443659,"[109.008126,269.879192]",130fc38a45419d6c343e433a8abf333e6b2f5c7454daf9b25e1a4a5eaf63c279
cdrx_offset_80ms,IM,1-1,2005,11.9809375,38339.0,1,1,1,1,1.0,1.0,251.176993,[251.176993],e6dd3705e6c97b24044382a0af0675e271c6b1cac6a4afd4d99a5299c0b96c2b
cdrx_offset_80ms,IM,1-1,2006,17.3878125,55641.0,3,3,3,3,1.0,1.0,145.08522366666668,"[61.896105,80.308176,293.05139]",500975355d4181d0da2cd9efd0605af41b7120f219aad09a6278a826507444a6
cdrx_offset_80ms,IM,1-1,2007,14.684375,46990.0,1,1,1,1,1.0,1.0,24.39969,[24.39969],5640d4fd1e7c8849a8b63bee85060b5c5b14e539489637a8ede99c084f1ff6ea
cdrx_offset_80ms,IM,1-1,2008,12.074343749999999,38637.899999999994,3,3,2,2,1.0,1.0,107.52246233333334,"[144.739737,79.214414,98.613236]",29107059cc7d7929ac572e9b29715d318318e8bf69af800b83ec6ef119905091
cdrx_offset_80ms,IM,1-5,2001,9.413315996281247,30122.61118809999,1,1,1,1,1.0,1.0,11.517121,[11.517121],d997b4c70fc1472c08b7428ee30e5f2f78597736a5ebb12049c0e467b9cc6b25
cdrx_offset_80ms,IM,1-5,2002,10.672479318999997,34151.93382079999,4,4,4,4,1.0,1.0,11.52529675,"[1.0,14.962833,15.168755,14.969599]",682540789ad332b510e9d8af3c13dab2bb300bba717b88e94a40b1678b0d5283
cdrx_offset_80ms,IM,1-5,2003,7.541347255281249,24132.311216899994,0,0,0,0,,,,[],e6f95ce79049befdd15ce22dd43058e9dcdd655341f79c8ebff1ddbb8b7264b2
cdrx_offset_80ms,IM,1-5,2004,9.280121790249996,29696.38972879999,2,2,2,2,1.0,1.0,14.515087999999999,"[14.079555,14.950621]",130fc38a45419d6c343e433a8abf333e6b2f5c7454daf9b25e1a4a5eaf63c279
cdrx_offset_80ms,IM,1-5,2005,8.877771368156248,28408.868378099993,1,1,1,1,1.0,1.0,11.248422,[11.248422],e6dd3705e6c97b24044382a0af0675e271c6b1cac6a4afd4d99a5299c0b96c2b
cdrx_offset_80ms,IM,1-5,2006,10.465679830062497,33490.17545619999,3,3,3,3,1.0,1.0,13.489986,"[11.967534,15.379605,13.122819]",500975355d4181d0da2cd9efd0605af41b7120f219aad09a6278a826507444a6
cdrx_offset_80ms,IM,1-5,2007,7.331653059374997,23461.289789999988,1,1,1,1,1.0,1.0,14.471119,[14.471119],5640d4fd1e7c8849a8b63bee85060b5c5b14e539489637a8ede99c084f1ff6ea
cdrx_offset_80ms,IM,1-5,2008,10.087367330437498,32279.575457399995,3,3,2,2,1.0,1.0,13.927224666666667,"[14.811166,13.285843,13.684665]",29107059cc7d7929ac572e9b29715d318318e8bf69af800b83ec6ef119905091
cdrx_offset_80ms,IM,1-6,2001,5.964112868749998,19085.161179999996,1,1,1,1,1.0,1.0,11.517121,[11.517121],d997b4c70fc1472c08b7428ee30e5f2f78597736a5ebb12049c0e467b9cc6b25
cdrx_offset_80ms,IM,1-6,2002,6.98645921646875,22356.6694927,4,4,4,4,1.0,1.0,11.52529675,"[1.0,14.962833,15.168755,14.969599]",682540789ad332b510e9d8af3c13dab2bb300bba717b88e94a40b1678b0d5283
cdrx_offset_80ms,IM,1-6,2003,3.6644878828124985,11726.361224999995,0,0,0,0,,,,[],e6f95ce79049befdd15ce22dd43058e9dcdd655341f79c8ebff1ddbb8b7264b2
cdrx_offset_80ms,IM,1-6,2004,5.956434295312498,19060.589744999994,2,2,2,2,1.0,1.0,14.515087999999999,"[14.079555,14.950621]",130fc38a45419d6c343e433a8abf333e6b2f5c7454daf9b25e1a4a5eaf63c279
cdrx_offset_80ms,IM,1-6,2005,5.198001265624998,16633.604049999994,1,1,1,1,1.0,1.0,11.248422,[11.248422],e6dd3705e6c97b24044382a0af0675e271c6b1cac6a4afd4d99a5299c0b96c2b
cdrx_offset_80ms,IM,1-6,2006,6.714867324999999,21487.575439999997,3,3,3,3,1.0,1.0,13.489986,"[11.967534,15.379605,13.122819]",500975355d4181d0da2cd9efd0605af41b7120f219aad09a6278a826507444a6
cdrx_offset_80ms,IM,1-6,2007,3.6478405593749983,11673.089789999995,1,1,1,1,1.0,1.0,14.471119,[14.471119],5640d4fd1e7c8849a8b63bee85060b5c5b14e539489637a8ede99c084f1ff6ea
cdrx_offset_80ms,IM,1-6,2008,6.30291419278125,20169.3254169,3,3,2,2,1.0,1.0,13.927224666666667,"[14.811166,13.285843,13.684665]",29107059cc7d7929ac572e9b29715d318318e8bf69af800b83ec6ef119905091
