traffic_id,seed,avg_power_unit,traffic_sha256
FTP3,1001,39.962020917031246,a1bf7adcb932a96e56640395ca94e008b49adc1e9092ec26679a471521061f98
FTP3,1002,42.04312584374999,eca59de46607708a28dd423e9dc4dc37babae6b3e88f215ee03ec89408f10c2d
FTP3,1003,57.21152970015625,493f33ee73332fd817f87ac99290330db3fddd8b0ea9765090b0480f74118da5
FTP3,1004,71.18710985453126,968658100c735389ddcf5a06d0d532522701cf8276766a6b979154f5f09e09c3
FTP3,1005,43.60562584374999,59c9d46e7290b09c5971bde894d2d086681e5ce4d9f1b97654c1368831c931ea
FTP3,1006,48.94438806421875,63847dda14eb4b08c92efc7c28073ff8993df7be0aa257a96188495d1a226d2f
FTP3,1007,59.41809205953126,10126f4513799405c85223d1f5fb1b5b92ce0bca7ebdcebaa591ca53a85e4e7c
FTP3,1008,51.029932604843744,7c9f5dbaac3916a579b2a6ec4b0ec5b9960269d135cdd2a40f6c2d94bf37252c
FTP3,1009,74.5942375275,bf981d5cde14c3e52a290f5849a833a8388e8cc9d9216a39171751026798be18
FTP3,1010,65.85091494546874,c872229107147f24ccb841e3885925308d86a518fa4477da255bdcbfe218b844
FTP3,1011,42.18965486421875,892974718f06ac0d8b6a5a6253febde5a7a1c553ddfe2e5cb388365a146ccc7c
FTP3,1012,58.775851279375004,318a5d0ba9036c4f996a23c0b76cb7e34f8e4f02cca3286586c49d422c282085
FTP3,1013,79.81021568015625,d074281e15ceffb35beb91e935815e8c0b330c5b2175ac7d1a42e416022b169f
FTP3,1014,84.28050689375002,460cc6e7693b7961e022bf1312ca5187ecff05f4c5f3f70db5f6eaaac1f309c6
FTP3,1015,71.22878306546873,e95bfe7f27d2b941b39d267bcb0dbd61fecf329415cc161d4d84a25631be7454
FTP3,1016,76.29966054500001,20cd8c88d4abb5a981c10d492553478eabf71c1251284fea91487a830b81dedb
FTP3,1017,72.30703589156249,58d440235b422a228c001f61add8efbb608dfc221a30b1f2fe464db0f842609b
FTP3,1018,63.68049002578125,d06d134792ee183239770fc53ac6104b45a70f0627731bf98f75191e524336cb
FTP3,1019,51.487605261406244,f28c84e3a0d834bc44c717af439d53359d5193fbc641cc81e0b8a219ca7c49e6
FTP3,1020,42.04312584374999,2ac928155b097c419d45a874fd367644087ce81803782eb25604546062f1bdb7
FTP3,1021,20.723617156249997,4f53cda18c2baa0c0354bb5f9a3ecbe5ed12ab4d8e11ba873c2f11161202b945
FTP3,1022,55.93163030468751,3df3ef06ed79ba25f349d943bb267450282d03f3309b90116e1a952fa99763c2
FTP3,1023,29.939253190468747,bcb31431de15a2bd3d368ef2b949a13709b33bf0ce583c881398daf3f2846cbd
FTP3,1024,73.78173612671876,dea3b0c6d8e4467a72a08ba08b5386f8542b5150b4b90dc4190923d74da8e8d9
FTP3,1025,80.42820311765624,e92525f9ac75072ba11f3b70f8ca6db91f4b6cd048475ac576e9fd80be1f46bc
FTP3,1026,75.5688300609375,0c98fab84d296feece9de16748275e8a705d05bf71b336b04a58c0a0f2faa8a0
FTP3,1027,19.258873918906247,2933f7db5d16ba37646649fff8e37343c77159c5db417ad31fbd5e13ff39add5
FTP3,1028,66.86647210625001,58d89705ac8ae9a7b635231b37a5657a288ceeed88ac46a635d32403ad57ffa4
FTP3,1029,74.70227016640624,38b3820a9df1dc23e0be5827bcbe557c65b5be72883abf73d573cdff08d97419
FTP3,1030,63.883995125,1bda837788b61d5b045e4605e29a40fd643038e4294e6d25e76033020b249565
FTP3,1031,69.26839541703126,be960ba3b433f84023f050471bb4871b8e8a12a71ffd1e15300677a686632a5c
FTP3,1032,81.01128417234375,d0da9158d3de763d8f2b48ebf25457d543689c3dee90c87144764e9007f5f305
FTP3,1033,58.275714921875,febab708e98ad0b7c35c1b0efc8a5a924f8ac5cfb66e24b17230db698fb28473
FTP3,1034,44.5972235746875,560167ac33d72643e33a78d85170eb0de890bf063fa2a2fc049fc2aadc5b7f43
FTP3,1035,82.43162768078125,b4f536e7dfc9a79fee652e04b9be22e2698b18461154f2efabc23d1e2f745462
FTP3,1036,71.09794374124999,eb2c5d253c65a5ccb0be5e6be75b15400562a6c86de3fa59c2ac1e8e4e0aa030
FTP3,1037,85.58391259625002,9e7b392950713ad67a234ed045e2548a89b285da80db41928b4d93f378ff564c
FTP3,1038,74.16445360453125,ea4df10e45b2f1e45784e701f3f2a8c49a2f9240e315dee3b166b9e1d05e18e9
FTP3,1039,61.52273497171875,9c9d424f848103e546bc6c3511a35a18b39950438738d9694fa47b2e7092b338
FTP3,1040,62.44922855921875,b40a5b7d10b4d5f2a18817a3560ecda7178d5a26d6eb8d206f401cace7b53a49
FTP3,1041,47.22235148421875,404c1fccf6d43aa3b7b617452742d60ad877ca5f9ac5c2113348c6760c2daf1b
FTP3,1042,51.741147159218755,2bec0699f03c9f7563772cd68847fa03999bf7ae91da9dfbca4ad8e88ad4cd17
FTP3,1043,52.84581538578125,56061610bac26b4d6e3a513014ed78f5d94dd93d5c3e268b60f606773ca23afc
FTP3,1044,46.89986677515625,2d32de9af6ad701c9face1164d6530483980ac005f3ba132ef3f4d391483f7c5
FTP3,1045,11.72420876859375,bf185a1ea3f37ea7cea984c05cbd3903e3c5b77530fc8280cb37be21b2e0bfea
FTP3,1046,39.90574278421875,c07e5c427da6afa28bd48459330c67537bbf688a5e938b38a8b4b274cd49774b
FTP3,1047,55.062567640625005,472696e3d25c98c02851c24b50bd64b8422d9cb0517a73725d45073af6946a74
FTP3,1048,45.97838251265624,9fc8ed31605ce3534e59c6f025b8d137d4befd9516eb812ca8e6d24d770a0f73
FTP3,1049,62.79133996875,22c3fdba0d5d053266cd9b770558ee7585ebea2d9da62bc6de399b52e3851734
FTP3,1050,52.95328209703125,27af86737e0469321f323584f65822f35b44e019039ea8eae5b3e0299320ca1b
FTP3,1051,44.86428735421875,72feda41bae0824b7f368d6b0c90f63abc2e0c0d2b44b024c419d2603420a3a8
FTP3,1052,36.13865045015625,4214349a714dfecd14ebdd583ffcc0988e69816eafbc1dfaf3b9c4f018011330
FTP3,1053,43.414197314374995,4141643e4333147fe5a140d667558a1920eda49af67cc4f25e2956f7a0bcde98
FTP3,1054,44.874677168906246,c3f8b1251016df5826dce25f71c7c5dfb2b774504ec26252e8703fe71af3b440
FTP3,1055,75.484219123125,612a648e6c39a29fa1d10fad47162893fd01950836ee02dd77989843a1e77568
FTP3,1056,94.463703875,9c9e677e544d8373471ed9300a93ed55560543892ed3472660570e05ecdd124b
FTP3,1057,92.1832411940625,0435ad5f47bfdbfc124c090a078a0f4768df440516675a419e3fe55ccc05c3ae
FTP3,1058,57.18177225484375,23eb2f3575b79ced8624d8f04fceedce16aba4e4a99eae51778a886e048f6a95
FTP3,1059,73.55660588875,4f3916bcc25c407e81b2ef6cabae64ebb91a9476751a386282813b9b08c7f0d5
FTP3,1060,81.16504491218748,7b3f0c46b36357116ffd129b08dc1fd4340b8852c9c18a613834d798cedfd3ba
FTP3,1061,75.14841022312501,05481c585458e9625fc0785238f6bad5ed004943a5d452f9c4536f3a9a9760ec
FTP3,1062,64.0348197090625,c4af21804b31b9f910c1911dc54852259d7ff0ee6f6dc61cd22a8721a48da08d
FTP3,1063,38.71049232640625,e098b766d5bfca71e94280a5c03d3a5f02f9f38d7bf3161d3387d69ef385161b
FTP3,1064,68.87443087390626,1ebd58e830a5e7da2f649e7bee3a375c72c64806c58a70e3f76a9d9a1777e1f6
IM,1001,18.07239397812501,9430acf4d71e09c80a2cc85a31e7211044bfd1c2c2d71a64aaa301b323b0a02b
IM,1002,21.04779350878126,fed7f4a040e90a1dacf0aab4ed4c699829d5e2ba226e6db81a8dc5ff0d2aa7f2
IM,1003,30.606809,00e9a16ea795d779e8c86fa9bb37e1c3cb5665bbd8baccb27522b414889ba43a
IM,1004,21.385119381843754,4eee956a337a0647f6ccabe80f174f986c0f130a1f2cb362a52cff4b3e06b783
IM,1005,18.691869414656253,f836270220b6c09661e2dccf89feaa8952c59643f7ec7639da215db6d79dffc7
IM,1006,15.412746691812497,62b4c64a45d6940cd171844d0cc992f1ce431e3f6c6efc7597afe4171c7f5909
IM,1007,15.050277946875,526e2915967165192fbc2e6c5304b2d421bf7a8e9a0321e0de002c6d827a940d
IM,1008,17.903938625000006,bf8e90f32f6e403a96cdcb9b39746b36596389e86839ff581ef8c0194096b304
IM,1009,27.382476444343762,7d1c0a3b98abc7413c3a261eead8750d23aa17a50fc3a6b51d05e683b57b71da
IM,1010,21.073728759375005,0f1f07778d86aa1cb0f1a203a4ba203a148f514568f0187b632ab0fab7537692
IM,1011,21.756012234968754,480470adb016a632676b0212c045a35e34edd6cfb00d19c6a09e1c280a53d522
IM,1012,19.811389498437503,4f53cda18c2baa0c0354bb5f9a3ecbe5ed12ab4d8e11ba873c2f11161202b945
IM,1013,25.786088080656256,32c72b8b2fcb64ba3221589faa358b75f435002335ca5a7e5074be3cbb6b254e
IM,1014,41.20587085840625,57230bb1bfab97f2a0237d99c5c7af82dde4122d4761663f4616751080004dae
IM,1015,29.98653177696876,bf67c06894aa6068cf0e9896405b36e3ccc16d8c98e1ef5a4569673883ee7582
IM,1016,25.949641654093757,7882e23233b2b60064d7e77682e42fafce9d3778fe1d8aed19c34c4608504159
IM,1017,21.307103759375014,556b92892b4b948c0b10adfc8bc689adb048fe2b1af9590348bb6a2d07325d97
IM,1018,18.092445311531257,319be9bbb2c28f7a317c7ef2622146771d8a7b5bd8b9277e761b69bbf5854d8c
IM,1019,26.35262602693751,3ed8ea05f77cacda73961ccc1b47fa64661d29d5849b257322361f2224c55642
IM,1020,15.808023476562498,9f5a77689a176c94a1f4bd367c761905d81b90234decad2e6c99f04f0b636fc6
IM,1021,30.20316837246876,4f53cda18c2baa0c0354bb5f9a3ecbe5ed12ab4d8e11ba873c2f11161202b945
IM,1022,22.78162279190625,45d3db62d61c7d20e187490b1e8399710147af2c1767c9fb15746b56fd756ef2
IM,1023,21.296947509375006,306f5bc75fd32aeb29661f0abb01d924b23b0cbb28d780557cb827fe180d334e
IM,1024,30.55255594506251,a4ad7f92fa62a44cce84eb5c61939aac8ca708187fcdcfcd1eed9e03dc1028b8
IM,1025,26.652754694343756,1b152ca3b9a066c35cc082a63e1cb9193a2067a815a108385d3953e0f2917063
IM,1026,29.582849723249996,062dba369179d936dd401a7a4cc770a10c4eeb23f519b066670483afe5289278
IM,1027,27.996085816812506,90653b99453fe0ee0d6095b94709c83b20636a068b73cac656e026ca28ca0efa
IM,1028,28.034041175000013,3e37a112ade938f373697b748900021ac8e57dd9be9c171e6f290a5badafcba4
IM,1029,25.179583619343763,25507ef2c38bb8677bca2bcca6f268fd2f13cc9b7be38c10e3020821da44180a
IM,1030,37.72110686296875,96f5342ffe2816487b472242efea79a7432ce5f3765c5a3c95fd0373dffaa244
IM,1031,30.39273086740626,4f53cda18c2baa0c0354bb5f9a3ecbe5ed12ab4d8e11ba873c2f11161202b945
IM,1032,25.543925143375006,fc358eb7880767f6f1bbba495b57ce3b25aaa45e3968cf80be5195b18056f689
IM,1033,20.926054656250006,4f53cda18c2baa0c0354bb5f9a3ecbe5ed12ab4d8e11ba873c2f11161202b945
IM,1034,15.479396241218756,0c6acd47f16dad175737a3d64efe8118bd4083e913301f3f838e261864232c11
IM,1035,25.311284516218755,1e1b08f9beb064df2383befa09a2d2802c1848d1c18a4d306a5d03502c008015
IM,1036,22.235617151937504,a0723963f0b8528010109bf69b058e5045cbc3a808dc89cd34d7f240bf136604
IM,1037,27.66354565000001,5fd4ce6e37d18f80f80e5adcd40c47000ae31005b1e818cae07483c33a4b4794
IM,1038,30.95382459865626,d573b0f0caf37840d976dbf6431a142e4314df290863161ad5328a7fde35a891
IM,1039,27.770846974406254,fd6941408e266c611388e4a2780adf9ab6674d92550d053d2d7f64ebbdbafd07
IM,1040,30.93662595625001,68ca7b0e3480e0221bf34309f0cf78704c9d5eec0c3e9ecb1d89cb85e669b5c7
IM,1041,27.796628238468756,fd88be1be03817ff14582416d4d2aaa421e516111555b04282ef27a81acdda10
IM,1042,24.689956393750013,de646cd8e9067faa9dd5789998062d51be1092abca8d7fd1eedc0587759fde5f
IM,1043,15.190215446874998,4f53cda18c2baa0c0354bb5f9a3ecbe5ed12ab4d8e11ba873c2f11161202b945
IM,1044,36.42148525878125,3c391600ed5436ff2d4a36770b490cfc8bdae5f5b6fe1f30be377db54e09309b
IM,1045,24.331842559968763,dce0559ffbbb13d9308379f35af716591345d0c0a5b9d0286f717f6301dce857
IM,1046,24.05211935409376,4f53cda18c2baa0c0354bb5f9a3ecbe5ed12ab4d8e11ba873c2f11161202b945
IM,1047,14.679385093749998,4f53cda18c2baa0c0354bb5f9a3ecbe5ed12ab4d8e11ba873c2f11161202b945
IM,1048,30.437406217906254,4c10015ca84c9a75cf9eb61e678cb0db48a6a52b737208b8d88ee0890db748ef
IM,1049,21.094510009375007,53b8042c0d29fe91598b0f284d9ff85da53a5746eafb492801f6a2bf94e33ecd
IM,1050,31.24839156465626,b3a26e5221046f7ee0ccbc90af5f1f0665588536e11b6554bf192f2a06255ebe
IM,1051,21.56446759784376,3b38d89321fd2335eeb8599d0ab87040f6c9a1305a309f63a07076e2d84a6421
IM,1052,18.216318080875,212d8b38a50ee73c56803288369ff4697efdaa9f80adf2ad425240a34b5a89d7
IM,1053,24.46854120743751,003ed4b3adcf97afdebb240fd2edfbca85b04744083508bcbb014424638fea03
IM,1054,21.930661798812512,bfb6e8fff3c074f87fa14c011c27ae40f261fe8b849a4eded5e11d0d784f1d74
IM,1055,30.266222015625008,54a5ad5b75095e5c0c7de495bcf8fd2771dd377c67a153939c8fdba1efce18d7
IM,1056,22.10999355581251,39cb6ab71d7f761457c13d60b5b79281a31bae50193f4536fb325d09ffdfef73
IM,1057,34.18774138768751,1ebf358b2505fe84bcc985e5ae510be980147cf37abe3b170e022b58fbb8f0a8
IM,1058,24.809487643750014,76ea2d2ae1374fb00116abbccb288a23662d5236ccda8685270d26fc75fd43e3
IM,1059,21.032010009375007,4f53cda18c2baa0c0354bb5f9a3ecbe5ed12ab4d8e11ba873c2f11161202b945
IM,1060,25.00107915371876,6bc8718d9bd6b91c1d9c8c0727521f74435cfe64e9d292d91c45a412c0558b72
IM,1061,28.534570170531257,ba5e8f69261dbfe946e30b21cdbd41b7044230c0a4689ad50ff104449a3fc405
IM,1062,25.006816349843753,142319cd9401f990c2e3f60fd5306243dfbd94e3596266c09cf14be77e356698
IM,1063,27.178405008031255,e78c7bf4e47b8d9236d93630d587c817338ca551887f8ba457c17e856b539daf
IM,1064,24.890597021656255,25565ef647f8b434fc30f657f6f91000c548df1cc83635275ed21647ba86ecb4
